-- MySQL dump 10.13  Distrib 5.1.49, for Win32 (ia32)
--
-- Host: localhost    Database: payroll
-- ------------------------------------------------------
-- Server version	5.1.49-community

/*!40101 SET @OLD_CHARACTER_SET_CLIENT=@@CHARACTER_SET_CLIENT */;
/*!40101 SET @OLD_CHARACTER_SET_RESULTS=@@CHARACTER_SET_RESULTS */;
/*!40101 SET @OLD_COLLATION_CONNECTION=@@COLLATION_CONNECTION */;
/*!40101 SET NAMES utf8 */;
/*!40103 SET @OLD_TIME_ZONE=@@TIME_ZONE */;
/*!40103 SET TIME_ZONE='+00:00' */;
/*!40014 SET @OLD_UNIQUE_CHECKS=@@UNIQUE_CHECKS, UNIQUE_CHECKS=0 */;
/*!40014 SET @OLD_FOREIGN_KEY_CHECKS=@@FOREIGN_KEY_CHECKS, FOREIGN_KEY_CHECKS=0 */;
/*!40101 SET @OLD_SQL_MODE=@@SQL_MODE, SQL_MODE='NO_AUTO_VALUE_ON_ZERO' */;
/*!40111 SET @OLD_SQL_NOTES=@@SQL_NOTES, SQL_NOTES=0 */;

--
-- Table structure for table `tblallowancetype`
--

DROP TABLE IF EXISTS `tblallowancetype`;
/*!40101 SET @saved_cs_client     = @@character_set_client */;
/*!40101 SET character_set_client = utf8 */;
CREATE TABLE `tblallowancetype` (
  `allowTypeCode` smallint(5) unsigned NOT NULL AUTO_INCREMENT,
  `name` varchar(30) NOT NULL,
  `enable` tinyint(1) unsigned NOT NULL DEFAULT '1',
  `dateCreated` date NOT NULL,
  `lastModified` timestamp NOT NULL DEFAULT CURRENT_TIMESTAMP,
  `lastModifiedBy` int(10) unsigned NOT NULL,
  PRIMARY KEY (`allowTypeCode`),
  UNIQUE KEY `name_UNIQUE` (`name`),
  KEY `fk_tblallowancetype_tbluser1` (`lastModifiedBy`),
  CONSTRAINT `fk_tblallowancetype_tbluser1` FOREIGN KEY (`lastModifiedBy`) REFERENCES `tbluser` (`user_ID`) ON DELETE NO ACTION ON UPDATE CASCADE
) ENGINE=InnoDB AUTO_INCREMENT=4 DEFAULT CHARSET=latin1;
/*!40101 SET character_set_client = @saved_cs_client */;

--
-- Dumping data for table `tblallowancetype`
--

LOCK TABLES `tblallowancetype` WRITE;
/*!40000 ALTER TABLE `tblallowancetype` DISABLE KEYS */;
INSERT INTO `tblallowancetype` VALUES (1,'Ecola',1,'2012-11-28','2012-11-28 20:23:24',1),(2,'Transportation',1,'2012-11-28','2012-11-28 22:19:11',3),(3,'Food',1,'2012-11-28','2012-11-28 22:19:19',3);
/*!40000 ALTER TABLE `tblallowancetype` ENABLE KEYS */;
UNLOCK TABLES;

--
-- Table structure for table `tblbonus`
--

DROP TABLE IF EXISTS `tblbonus`;
/*!40101 SET @saved_cs_client     = @@character_set_client */;
/*!40101 SET character_set_client = utf8 */;
CREATE TABLE `tblbonus` (
  `ID` int(10) unsigned NOT NULL AUTO_INCREMENT,
  `empNum` int(10) unsigned NOT NULL,
  `payrollNum` int(10) unsigned DEFAULT NULL,
  `bonusTypeCode` smallint(5) unsigned NOT NULL,
  `specify` varchar(30) DEFAULT NULL,
  `amount` decimal(10,2) NOT NULL,
  `remark` varchar(100) DEFAULT NULL,
  `isSettled` tinyint(1) unsigned NOT NULL DEFAULT '0',
  `dateSettled` date DEFAULT NULL,
  `settledBy` int(10) unsigned DEFAULT NULL,
  `dateCreated` date NOT NULL,
  `lastModified` timestamp NOT NULL DEFAULT CURRENT_TIMESTAMP ON UPDATE CURRENT_TIMESTAMP,
  `lastModifiedBy` int(10) unsigned NOT NULL,
  PRIMARY KEY (`ID`),
  KEY `fk_tblBonus_tblEmployee1` (`empNum`),
  KEY `fk_tblBonus_tblBonusType1` (`bonusTypeCode`),
  KEY `fk_tblBonus_tblPayroll1` (`payrollNum`),
  KEY `fk_tblbonus_tbluser1` (`lastModifiedBy`),
  KEY `fk_tblbonus_tbluser2` (`settledBy`),
  CONSTRAINT `fk_tblbonus_tblbonustype1` FOREIGN KEY (`bonusTypeCode`) REFERENCES `tblbonustype` (`bonusTypeCode`) ON DELETE NO ACTION ON UPDATE CASCADE,
  CONSTRAINT `fk_tblbonus_tblemployee1` FOREIGN KEY (`empNum`) REFERENCES `tblemployee` (`empNum`) ON DELETE CASCADE ON UPDATE CASCADE,
  CONSTRAINT `fk_tblbonus_tblpayroll1` FOREIGN KEY (`payrollNum`) REFERENCES `tblpayroll` (`payrollNum`) ON DELETE NO ACTION ON UPDATE CASCADE,
  CONSTRAINT `fk_tblbonus_tbluser1` FOREIGN KEY (`lastModifiedBy`) REFERENCES `tbluser` (`user_ID`) ON DELETE NO ACTION ON UPDATE CASCADE,
  CONSTRAINT `fk_tblbonus_tbluser2` FOREIGN KEY (`settledBy`) REFERENCES `tbluser` (`user_ID`) ON DELETE NO ACTION ON UPDATE CASCADE
) ENGINE=InnoDB AUTO_INCREMENT=2 DEFAULT CHARSET=latin1;
/*!40101 SET character_set_client = @saved_cs_client */;

--
-- Dumping data for table `tblbonus`
--

LOCK TABLES `tblbonus` WRITE;
/*!40000 ALTER TABLE `tblbonus` DISABLE KEYS */;
INSERT INTO `tblbonus` VALUES (1,13,1,1,'','200.00','',1,'2012-11-30',1,'2012-11-30','2012-12-01 01:49:48',3);
/*!40000 ALTER TABLE `tblbonus` ENABLE KEYS */;
UNLOCK TABLES;

--
-- Table structure for table `tblbonustype`
--

DROP TABLE IF EXISTS `tblbonustype`;
/*!40101 SET @saved_cs_client     = @@character_set_client */;
/*!40101 SET character_set_client = utf8 */;
CREATE TABLE `tblbonustype` (
  `bonusTypeCode` smallint(5) unsigned NOT NULL AUTO_INCREMENT,
  `name` varchar(30) NOT NULL,
  `enable` tinyint(1) unsigned NOT NULL DEFAULT '1',
  `dateCreated` date NOT NULL,
  `lastModified` timestamp NOT NULL DEFAULT CURRENT_TIMESTAMP,
  `lastModifiedBy` int(10) unsigned NOT NULL DEFAULT '0',
  PRIMARY KEY (`bonusTypeCode`),
  UNIQUE KEY `name_UNIQUE` (`name`),
  KEY `fk_tblbonustype_tbluser1` (`lastModifiedBy`),
  CONSTRAINT `fk_tblbonustype_tbluser1` FOREIGN KEY (`lastModifiedBy`) REFERENCES `tbluser` (`user_ID`) ON DELETE NO ACTION ON UPDATE CASCADE
) ENGINE=InnoDB AUTO_INCREMENT=3 DEFAULT CHARSET=latin1;
/*!40101 SET character_set_client = @saved_cs_client */;

--
-- Dumping data for table `tblbonustype`
--

LOCK TABLES `tblbonustype` WRITE;
/*!40000 ALTER TABLE `tblbonustype` DISABLE KEYS */;
INSERT INTO `tblbonustype` VALUES (1,'Attendance Bonus',1,'2012-11-28','2012-11-28 20:23:43',1),(2,'13th Month',1,'2012-11-28','2012-11-28 22:15:36',3);
/*!40000 ALTER TABLE `tblbonustype` ENABLE KEYS */;
UNLOCK TABLES;

--
-- Table structure for table `tbldeductiontype`
--

DROP TABLE IF EXISTS `tbldeductiontype`;
/*!40101 SET @saved_cs_client     = @@character_set_client */;
/*!40101 SET character_set_client = utf8 */;
CREATE TABLE `tbldeductiontype` (
  `deductTypeCode` smallint(5) unsigned NOT NULL AUTO_INCREMENT,
  `name` varchar(30) NOT NULL,
  `enable` tinyint(1) unsigned NOT NULL DEFAULT '1',
  `dateCreated` date NOT NULL,
  `lastModified` timestamp NOT NULL DEFAULT CURRENT_TIMESTAMP,
  `lastModifiedBy` int(10) unsigned NOT NULL DEFAULT '0',
  PRIMARY KEY (`deductTypeCode`),
  UNIQUE KEY `name_UNIQUE` (`name`),
  KEY `fk_tbldeductiontype_tbluser1` (`lastModifiedBy`),
  CONSTRAINT `fk_tbldeductiontype_tbluser1` FOREIGN KEY (`lastModifiedBy`) REFERENCES `tbluser` (`user_ID`) ON DELETE NO ACTION ON UPDATE CASCADE
) ENGINE=InnoDB AUTO_INCREMENT=2 DEFAULT CHARSET=latin1;
/*!40101 SET character_set_client = @saved_cs_client */;

--
-- Dumping data for table `tbldeductiontype`
--

LOCK TABLES `tbldeductiontype` WRITE;
/*!40000 ALTER TABLE `tbldeductiontype` DISABLE KEYS */;
INSERT INTO `tbldeductiontype` VALUES (1,'Tardiness',1,'2012-11-28','2012-11-28 20:23:58',1);
/*!40000 ALTER TABLE `tbldeductiontype` ENABLE KEYS */;
UNLOCK TABLES;

--
-- Table structure for table `tbldivision`
--

DROP TABLE IF EXISTS `tbldivision`;
/*!40101 SET @saved_cs_client     = @@character_set_client */;
/*!40101 SET character_set_client = utf8 */;
CREATE TABLE `tbldivision` (
  `div_ID` smallint(5) unsigned NOT NULL AUTO_INCREMENT,
  `name` varchar(30) NOT NULL,
  `enable` tinyint(1) unsigned NOT NULL DEFAULT '1',
  `dateCreated` date NOT NULL,
  `lastModified` timestamp NOT NULL DEFAULT CURRENT_TIMESTAMP,
  `lastModifiedBy` int(10) unsigned NOT NULL,
  PRIMARY KEY (`div_ID`),
  UNIQUE KEY `name_UNIQUE` (`name`),
  KEY `fk_tbldivision_tbluser1` (`lastModifiedBy`),
  CONSTRAINT `fk_tbldivision_tbluser1` FOREIGN KEY (`lastModifiedBy`) REFERENCES `tbluser` (`user_ID`) ON DELETE NO ACTION ON UPDATE CASCADE
) ENGINE=InnoDB AUTO_INCREMENT=2 DEFAULT CHARSET=latin1;
/*!40101 SET character_set_client = @saved_cs_client */;

--
-- Dumping data for table `tbldivision`
--

LOCK TABLES `tbldivision` WRITE;
/*!40000 ALTER TABLE `tbldivision` DISABLE KEYS */;
INSERT INTO `tbldivision` VALUES (1,'Engineering',1,'2012-11-28','2012-11-28 19:54:52',1);
/*!40000 ALTER TABLE `tbldivision` ENABLE KEYS */;
UNLOCK TABLES;

--
-- Table structure for table `tblempallowance_processed`
--

DROP TABLE IF EXISTS `tblempallowance_processed`;
/*!40101 SET @saved_cs_client     = @@character_set_client */;
/*!40101 SET character_set_client = utf8 */;
CREATE TABLE `tblempallowance_processed` (
  `allowanceNum` int(10) unsigned NOT NULL,
  `empNum` int(10) unsigned NOT NULL,
  `payrollNum` int(11) unsigned DEFAULT NULL,
  `allowTypeCode` smallint(5) unsigned NOT NULL,
  `specify` varchar(30) DEFAULT NULL,
  `amount` decimal(10,2) NOT NULL,
  `remark` varchar(100) DEFAULT NULL,
  `taxable` tinyint(1) NOT NULL,
  `dateCreated` date NOT NULL,
  `lastModified` timestamp NOT NULL DEFAULT CURRENT_TIMESTAMP ON UPDATE CURRENT_TIMESTAMP,
  `lastModifiedBy` int(10) unsigned NOT NULL,
  KEY `fk_tblEmpAllowance_Processed_tblAllowanceType1` (`allowTypeCode`),
  KEY `fk_tblEmpAllowance_Processed_tblPayroll1` (`payrollNum`),
  KEY `fk_tblempallowance_processed_tbluser1` (`lastModifiedBy`),
  KEY `fk_tblempallowance_processed_tblemployee1` (`empNum`),
  CONSTRAINT `fk_tblempallowance_processed_tblallowancetype1` FOREIGN KEY (`allowTypeCode`) REFERENCES `tblallowancetype` (`allowTypeCode`) ON DELETE NO ACTION ON UPDATE CASCADE,
  CONSTRAINT `fk_tblempallowance_processed_tblemployee1` FOREIGN KEY (`empNum`) REFERENCES `tblemployee` (`empNum`) ON DELETE NO ACTION ON UPDATE CASCADE,
  CONSTRAINT `fk_tblempallowance_processed_tblpayroll1` FOREIGN KEY (`payrollNum`) REFERENCES `tblpayroll` (`payrollNum`) ON DELETE NO ACTION ON UPDATE CASCADE,
  CONSTRAINT `fk_tblempallowance_processed_tbluser1` FOREIGN KEY (`lastModifiedBy`) REFERENCES `tbluser` (`user_ID`) ON DELETE NO ACTION ON UPDATE CASCADE
) ENGINE=InnoDB DEFAULT CHARSET=latin1;
/*!40101 SET character_set_client = @saved_cs_client */;

--
-- Dumping data for table `tblempallowance_processed`
--

LOCK TABLES `tblempallowance_processed` WRITE;
/*!40000 ALTER TABLE `tblempallowance_processed` DISABLE KEYS */;
INSERT INTO `tblempallowance_processed` VALUES (12,13,1,1,'','22.00','',0,'2012-11-28','2012-12-01 01:49:48',3),(13,14,2,1,'','22.00','',0,'2012-11-28','2012-12-01 02:17:33',3),(12,13,5,1,'','22.00','',0,'2012-11-28','2012-12-01 03:00:38',3),(12,13,6,1,'','22.00','',0,'2012-11-28','2012-12-01 03:02:59',3),(14,15,7,1,'','22.00','',0,'2012-11-28','2012-12-01 03:03:14',3),(16,17,8,1,'','22.00','',0,'2012-11-28','2012-12-01 03:03:28',3),(18,19,9,1,'','22.00','',0,'2012-11-28','2012-12-01 03:03:48',3),(22,23,10,1,'','22.00','',0,'2012-11-30','2012-12-01 03:04:00',1),(15,16,11,1,'','22.00','',0,'2012-11-28','2012-12-01 03:09:13',3),(17,18,12,1,'','22.00','',0,'2012-11-28','2012-12-01 03:10:11',3),(19,20,13,1,'','22.00','',0,'2012-11-28','2012-12-01 03:10:18',3),(20,21,14,1,'','22.00','',0,'2012-11-28','2012-12-01 03:10:26',3),(21,22,15,1,'','22.00','',0,'2012-11-28','2012-12-01 03:10:30',3);
/*!40000 ALTER TABLE `tblempallowance_processed` ENABLE KEYS */;
UNLOCK TABLES;

--
-- Table structure for table `tblempallowance_unprocessed`
--

DROP TABLE IF EXISTS `tblempallowance_unprocessed`;
/*!40101 SET @saved_cs_client     = @@character_set_client */;
/*!40101 SET character_set_client = utf8 */;
CREATE TABLE `tblempallowance_unprocessed` (
  `allowanceNum` int(10) unsigned NOT NULL AUTO_INCREMENT,
  `empNum` int(10) unsigned NOT NULL,
  `allowTypeCode` smallint(5) unsigned NOT NULL,
  `specify` varchar(30) DEFAULT NULL,
  `amount` decimal(10,2) NOT NULL,
  `remark` varchar(100) DEFAULT NULL,
  `taxable` tinyint(1) NOT NULL,
  `dateCreated` date NOT NULL,
  `lastModified` timestamp NOT NULL DEFAULT CURRENT_TIMESTAMP ON UPDATE CURRENT_TIMESTAMP,
  `lastModifiedBy` int(10) unsigned NOT NULL,
  PRIMARY KEY (`allowanceNum`),
  KEY `fk_tblEmpAllowance_Unprocessed_tblAllowanceType1` (`allowTypeCode`),
  KEY `fk_tblempallowance_unprocessed_tbluser1` (`lastModifiedBy`),
  KEY `fk_tblempallowance_unprocessed_tblemployee1` (`empNum`),
  CONSTRAINT `fk_tblEmpAllowance_Unprocessed_tblAllowanceType1` FOREIGN KEY (`allowTypeCode`) REFERENCES `tblallowancetype` (`allowTypeCode`) ON DELETE NO ACTION ON UPDATE CASCADE,
  CONSTRAINT `fk_tblempallowance_unprocessed_tblemployee1` FOREIGN KEY (`empNum`) REFERENCES `tblemployee` (`empNum`) ON DELETE CASCADE ON UPDATE CASCADE,
  CONSTRAINT `fk_tblempallowance_unprocessed_tbluser1` FOREIGN KEY (`lastModifiedBy`) REFERENCES `tbluser` (`user_ID`) ON DELETE NO ACTION ON UPDATE CASCADE
) ENGINE=InnoDB AUTO_INCREMENT=23 DEFAULT CHARSET=latin1;
/*!40101 SET character_set_client = @saved_cs_client */;

--
-- Dumping data for table `tblempallowance_unprocessed`
--

LOCK TABLES `tblempallowance_unprocessed` WRITE;
/*!40000 ALTER TABLE `tblempallowance_unprocessed` DISABLE KEYS */;
INSERT INTO `tblempallowance_unprocessed` VALUES (12,13,1,'','22.00','',0,'2012-11-28','2012-11-29 02:45:51',3),(13,14,1,'','22.00','',0,'2012-11-28','2012-11-29 02:47:54',3),(14,15,1,'','22.00','',0,'2012-11-28','2012-11-29 02:47:58',3),(15,16,1,'','22.00','',0,'2012-11-28','2012-11-29 02:48:03',3),(16,17,1,'','22.00','',0,'2012-11-28','2012-11-29 02:48:08',3),(17,18,1,'','22.00','',0,'2012-11-28','2012-11-29 02:48:12',3),(18,19,1,'','22.00','',0,'2012-11-28','2012-11-29 02:48:18',3),(19,20,1,'','22.00','',0,'2012-11-28','2012-11-29 02:48:23',3),(20,21,1,'','22.00','',0,'2012-11-28','2012-11-29 02:48:27',3),(21,22,1,'','22.00','',0,'2012-11-28','2012-11-29 02:48:31',3),(22,23,1,'','22.00','',0,'2012-11-30','2012-12-01 01:16:17',1);
/*!40000 ALTER TABLE `tblempallowance_unprocessed` ENABLE KEYS */;
UNLOCK TABLES;

--
-- Table structure for table `tblemployee`
--

DROP TABLE IF EXISTS `tblemployee`;
/*!40101 SET @saved_cs_client     = @@character_set_client */;
/*!40101 SET character_set_client = utf8 */;
CREATE TABLE `tblemployee` (
  `empNum` int(10) unsigned NOT NULL AUTO_INCREMENT,
  `firstName` varchar(40) NOT NULL,
  `lastName` varchar(40) NOT NULL,
  `middleName` varchar(40) DEFAULT NULL,
  `gender` enum('Male','Female') NOT NULL,
  `birthDate` date NOT NULL,
  `address` varchar(80) NOT NULL,
  `city` varchar(20) NOT NULL,
  `contactNum` varchar(30) NOT NULL,
  `email` varchar(50) NOT NULL,
  `SSS_num` varchar(20) DEFAULT NULL,
  `TIN_num` varchar(20) DEFAULT NULL,
  `philHealth_num` varchar(20) DEFAULT NULL,
  `PAGIBIG_num` varchar(20) DEFAULT NULL,
  `PRC_num` varchar(20) DEFAULT NULL,
  `photo` blob,
  `status` enum('Active','Inactive') NOT NULL,
  `dateHired` date NOT NULL,
  `civilStatus` enum('Single','Married','Separated','Widow','Widower') NOT NULL,
  `numOfDependent` smallint(5) unsigned NOT NULL,
  `payMethod` enum('Daily','Weekly','Semi','Monthly') NOT NULL,
  `basicRate` decimal(10,2) NOT NULL,
  `regOT_rate` decimal(5,2) NOT NULL DEFAULT '1.00',
  `sunOT_rate` decimal(5,2) NOT NULL DEFAULT '1.00',
  `holOT_rate` decimal(5,2) NOT NULL DEFAULT '1.00',
  `personalLoan` decimal(10,2) NOT NULL DEFAULT '0.00',
  `SSS_Loan` decimal(10,2) NOT NULL DEFAULT '0.00',
  `dateCreated` date NOT NULL,
  `lastModified` timestamp NOT NULL DEFAULT CURRENT_TIMESTAMP ON UPDATE CURRENT_TIMESTAMP,
  `lastModifiedBy` int(10) unsigned NOT NULL,
  `refund` decimal(10,2) NOT NULL DEFAULT '0.00',
  `empNum_formatted` varchar(45) DEFAULT NULL,
  `WTax_isDeduct` tinyint(1) unsigned NOT NULL DEFAULT '0',
  `SSS_isDeduct` tinyint(1) unsigned NOT NULL DEFAULT '0',
  `PhilHealth_isDeduct` tinyint(1) unsigned NOT NULL DEFAULT '0',
  `PAGIBIG_isDeduct` tinyint(1) unsigned NOT NULL DEFAULT '0',
  PRIMARY KEY (`empNum`),
  UNIQUE KEY `empNum_formatted` (`empNum_formatted`),
  KEY `fk_tblEmployee_tblUser1` (`lastModifiedBy`),
  CONSTRAINT `fk_tblemployee_tbluser1` FOREIGN KEY (`lastModifiedBy`) REFERENCES `tbluser` (`user_ID`) ON DELETE NO ACTION ON UPDATE CASCADE
) ENGINE=InnoDB AUTO_INCREMENT=24 DEFAULT CHARSET=latin1;
/*!40101 SET character_set_client = @saved_cs_client */;

--
-- Dumping data for table `tblemployee`
--

LOCK TABLES `tblemployee` WRITE;
/*!40000 ALTER TABLE `tblemployee` DISABLE KEYS */;
INSERT INTO `tblemployee` VALUES (13,'Larry','Marso','Andres','Male','1951-01-01','1st Street','Pasig','(101) 111-1111','LMarso@yahoo.com','','','','','',NULL,'Active','2009-09-09','Married',3,'Weekly','480.00','1.25','1.50','2.00','0.00','0.00','2012-11-27','2012-12-01 00:18:00',3,'0.00','0101120013',1,1,1,1),(14,'Alejandro','Albano','Romero','Male','1952-02-02','2nd Street','Makati','(202) 222-2222','ARAlbano@gmail.com','','','','','',NULL,'Active','2012-02-02','Single',0,'Weekly','500.00','1.25','1.50','2.00','0.00','0.00','2012-11-27','2012-11-28 05:02:03',3,'0.00','0202120014',1,1,1,1),(15,'Francis','Pobocan','Patano','Male','1953-03-03','3rd Street','Pasig','(303) 333-3333','FPPobocan@yahoo.com','','','','','',NULL,'Active','2012-03-03','Married',2,'Weekly','450.00','1.25','1.50','2.00','0.00','0.00','2012-11-27','2012-11-28 05:04:39',3,'0.00','0303120015',1,1,1,1),(16,'Michael','Puso','Castro','Male','1954-04-04','4th Street','Marikina','(404) 444-4444','MCPuso@yahoo.com.ph','','','','','',NULL,'Active','2012-04-04','Single',0,'Semi','520.00','1.25','1.50','2.00','400.00','1800.00','2012-11-27','2012-12-01 03:09:13',3,'0.00','0404120016',1,1,1,1),(17,'Virgillo','Ribac','Gaspar','Male','1955-05-05','5th Street','Pasay','(505) 555-5555','VRibac@gmail.com','','','','','',NULL,'Active','2012-05-05','Widower',4,'Weekly','480.00','1.25','1.50','2.00','400.00','800.00','2012-11-27','2012-12-01 03:03:28',3,'0.00','0505120017',1,1,1,1),(18,'Loreta','Serra','Ramires','Female','1956-06-06','6th Street','Muntinlupa','(606) 666-6666','LSerra@yahoo.com','','','','','',NULL,'Active','2012-06-06','Separated',3,'Semi','550.00','1.25','1.50','2.00','0.00','0.00','2012-11-27','2012-11-28 05:12:31',3,'0.00','0606120018',1,1,1,1),(19,'Virginia','Quinit','Vialsa','Female','1957-07-07','7th Street','Malabon','(707) 777-7777','VQuinit@yahoo.com','','','','','',NULL,'Active','2012-07-07','Single',0,'Weekly','520.00','1.25','1.50','2.00','0.00','0.00','2012-11-27','2012-11-28 05:15:23',3,'0.00','0707120019',1,1,1,1),(20,'Wilma','Tiu','Ucay','Female','1958-08-08','8th Street','Caloocan','(808) 888-8888','WTiu@gmail.com','','','','','',NULL,'Active','2012-08-08','Married',1,'Semi','480.00','1.25','1.50','2.00','0.00','0.00','2012-11-27','2012-11-28 05:17:16',3,'0.00','0808120020',1,1,1,1),(21,'Edwin','Ocay','Aquino','Male','1959-09-09','9th Street','Pasig','(909) 999-9999','EOcay@yahoo.com.ph','','','','','',NULL,'Active','2012-09-09','Single',0,'Semi','520.00','1.25','1.50','2.00','0.00','0.00','2012-11-27','2012-11-28 05:18:43',3,'0.00','0909120021',1,1,1,1),(22,'Honorato','Mendoza','','Male','1960-10-10','10th Street','Makati','(101) 101-0101','HMendoza@gmail.com','','','','','',NULL,'Active','2012-10-10','Widower',5,'Semi','520.00','1.25','1.50','2.00','0.00','0.00','2012-11-27','2012-11-28 05:20:50',3,'0.00','1010120022',1,1,1,1),(23,'Reynante','Vargas','Diego','Male','1961-11-11','11th Street','Pasig','(111) 111-1111','RVargas@yahoo.com','','','','','',NULL,'Active','2012-11-11','Single',0,'Weekly','500.00','1.25','1.50','2.00','0.00','0.00','2012-11-28','2012-11-28 20:04:05',1,'0.00','1111120023',1,1,1,1);
/*!40000 ALTER TABLE `tblemployee` ENABLE KEYS */;
UNLOCK TABLES;

--
-- Table structure for table `tblexceptionlog`
--

DROP TABLE IF EXISTS `tblexceptionlog`;
/*!40101 SET @saved_cs_client     = @@character_set_client */;
/*!40101 SET character_set_client = utf8 */;
CREATE TABLE `tblexceptionlog` (
  `ID` int(10) unsigned NOT NULL AUTO_INCREMENT,
  `errorCode` mediumint(8) unsigned NOT NULL DEFAULT '0',
  `errorSource` varchar(200) NOT NULL,
  `classDefiningMember` varchar(200) NOT NULL,
  `memberName` varchar(200) NOT NULL,
  `memberType` varchar(50) NOT NULL,
  `message` mediumtext NOT NULL,
  `stackTrace` longtext NOT NULL,
  `user_ID` int(10) unsigned NOT NULL,
  `dateCreated` datetime NOT NULL,
  PRIMARY KEY (`ID`)
) ENGINE=InnoDB AUTO_INCREMENT=102 DEFAULT CHARSET=latin1;
/*!40101 SET character_set_client = @saved_cs_client */;

--
-- Dumping data for table `tblexceptionlog`
--

LOCK TABLES `tblexceptionlog` WRITE;
/*!40000 ALTER TABLE `tblexceptionlog` DISABLE KEYS */;
INSERT INTO `tblexceptionlog` VALUES (1,0,'Presentation','Presentation.frmCreatePayroll_Nav','setProjectSummary','Method','Invalid Pay Method.','   at Presentation.frmCreatePayroll_Nav.setProjectSummary() in C:\\Documents and Settings\\xp\\My Documents\\Projects\\Payroll System\\3 Development\\Software\\04 Dev\\01 PayrollApp_DEV\\PayrollApp_Construction\\Presentation\\Presentation\\frmCreatePayroll_Nav.vb:line 543\r\n   at Presentation.frmCreatePayroll_Nav.employeeSelected(DataRowView drv) in C:\\Documents and Settings\\xp\\My Documents\\Projects\\Payroll System\\3 Development\\Software\\04 Dev\\01 PayrollApp_DEV\\PayrollApp_Construction\\Presentation\\Presentation\\frmCreatePayroll_Nav.vb:line 102',0,'2012-11-28 14:50:11'),(2,0,'Presentation','Presentation.frmCreatePayroll_Nav','setProjectSummary','Method','Invalid Pay Method.','   at Presentation.frmCreatePayroll_Nav.setProjectSummary() in C:\\Documents and Settings\\xp\\My Documents\\Projects\\Payroll System\\3 Development\\Software\\04 Dev\\01 PayrollApp_DEV\\PayrollApp_Construction\\Presentation\\Presentation\\frmCreatePayroll_Nav.vb:line 543\r\n   at Presentation.frmCreatePayroll_Nav.employeeSelected(DataRowView drv) in C:\\Documents and Settings\\xp\\My Documents\\Projects\\Payroll System\\3 Development\\Software\\04 Dev\\01 PayrollApp_DEV\\PayrollApp_Construction\\Presentation\\Presentation\\frmCreatePayroll_Nav.vb:line 102',0,'2012-11-28 14:51:52'),(3,1451,'MySql.Data','MySql.Data.MySqlClient.MySqlStream','ReadPacket','Method','Cannot delete or update a parent row: a foreign key constraint fails (`payroll`.`tblotherdeduction`, CONSTRAINT `fk_tblotherdeduction_tbldeductiontype1` FOREIGN KEY (`deductTypeCode`) REFERENCES `tbldeductiontype` (`deductTypeCode`) ON DELETE NO ACTION ON UPDATE)','   at MySql.Data.MySqlClient.MySqlStream.ReadPacket()\r\n   at MySql.Data.MySqlClient.NativeDriver.GetResult(Int32& affectedRow, Int32& insertedId)\r\n   at MySql.Data.MySqlClient.Driver.GetResult(Int32 statementId, Int32& affectedRows, Int32& insertedId)\r\n   at MySql.Data.MySqlClient.Driver.NextResult(Int32 statementId)\r\n   at MySql.Data.MySqlClient.MySqlDataReader.NextResult()\r\n   at MySql.Data.MySqlClient.MySqlCommand.ExecuteReader(CommandBehavior behavior)\r\n   at MySql.Data.MySqlClient.MySqlCommand.ExecuteNonQuery()\r\n   at DataAccess.CodedDomain_DAO.delete(UInt16 primaryKey, String tableName) in C:\\Documents and Settings\\xp\\My Documents\\Projects\\Payroll System\\3 Development\\Software\\04 Dev\\01 PayrollApp_DEV\\PayrollApp_Construction\\DataAccess\\CodedDomain_DAO.vb:line 117',0,'2012-11-28 16:17:11'),(4,1049,'MySql.Data','MySql.Data.MySqlClient.MySqlStream','ReadPacket','Method','Unknown database #payroll_deductions#','   at MySql.Data.MySqlClient.MySqlStream.ReadPacket()\r\n   at MySql.Data.MySqlClient.NativeDriver.AuthenticateNew()\r\n   at MySql.Data.MySqlClient.NativeDriver.Authenticate()\r\n   at MySql.Data.MySqlClient.NativeDriver.Open()\r\n   at MySql.Data.MySqlClient.Driver.Open()\r\n   at MySql.Data.MySqlClient.Driver.Create(MySqlConnectionStringBuilder settings)\r\n   at MySql.Data.MySqlClient.MySqlPool.GetPooledConnection()\r\n   at MySql.Data.MySqlClient.MySqlPool.TryToGetDriver()\r\n   at MySql.Data.MySqlClient.MySqlPool.GetConnection()\r\n   at MySql.Data.MySqlClient.MySqlConnection.Open()\r\n   at System.Data.Common.DbDataAdapter.FillInternal(DataSet dataset, DataTable[] datatables, Int32 startRecord, Int32 maxRecords, String srcTable, IDbCommand command, CommandBehavior behavior)\r\n   at System.Data.Common.DbDataAdapter.Fill(DataSet dataSet, Int32 startRecord, Int32 maxRecords, String srcTable, IDbCommand command, CommandBehavior behavior)\r\n   at System.Data.Common.DbDataAdapter.Fill(DataSet dataSet, String srcTable)\r\n   at DataAccess.WTax_DAO.retrieveBaseBracket_Over(MySqlDataAdapter& adapter) in C:\\Documents and Settings\\xp\\My Documents\\Projects\\Payroll System\\3 Development\\Software\\04 Dev\\01 PayrollApp_DEV\\PayrollApp_Construction\\DataAccess\\WTax_DAO.vb:line 29',0,'2012-11-28 20:07:03'),(5,0,'Presentation','Presentation.WTaxUC','get_BaseBrackets','Method','Object reference not set to an instance of an object.','   at Presentation.WTaxUC.get_BaseBrackets() in C:\\Documents and Settings\\xp\\My Documents\\Projects\\Payroll System\\3 Development\\Software\\04 Dev\\01 PayrollApp_DEV\\PayrollApp_Construction\\Presentation\\Presentation\\UserControl\\WTaxUC.vb:line 149',0,'2012-11-28 20:07:13'),(6,0,'Presentation','Presentation.WTaxUC','fill_BaseBrackets_Over','Method','Object reference not set to an instance of an object.','   at Presentation.WTaxUC.fill_BaseBrackets_Over() in C:\\Documents and Settings\\xp\\My Documents\\Projects\\Payroll System\\3 Development\\Software\\04 Dev\\01 PayrollApp_DEV\\PayrollApp_Construction\\Presentation\\Presentation\\UserControl\\WTaxUC.vb:line 76',0,'2012-11-28 20:08:22'),(7,0,'Presentation','Presentation.WTaxUC','fill_BaseBrackets_Over','Method','Object reference not set to an instance of an object.','   at Presentation.WTaxUC.fill_BaseBrackets_Over() in C:\\Documents and Settings\\xp\\My Documents\\Projects\\Payroll System\\3 Development\\Software\\04 Dev\\01 PayrollApp_DEV\\PayrollApp_Construction\\Presentation\\Presentation\\UserControl\\WTaxUC.vb:line 76',0,'2012-11-28 20:08:29'),(8,0,'Presentation','Presentation.frmCreatePayroll_Nav','setProjectSummary','Method','Invalid Pay Method.','   at Presentation.frmCreatePayroll_Nav.setProjectSummary() in C:\\Documents and Settings\\xp\\My Documents\\Projects\\Payroll System\\3 Development\\Software\\04 Dev\\01 PayrollApp_DEV\\PayrollApp_Construction\\Presentation\\Presentation\\frmCreatePayroll_Nav.vb:line 543\r\n   at Presentation.frmCreatePayroll_Nav.employeeSelected(DataRowView drv) in C:\\Documents and Settings\\xp\\My Documents\\Projects\\Payroll System\\3 Development\\Software\\04 Dev\\01 PayrollApp_DEV\\PayrollApp_Construction\\Presentation\\Presentation\\frmCreatePayroll_Nav.vb:line 102',0,'2012-11-28 21:02:35'),(9,1042,'MySql.Data','MySql.Data.MySqlClient.NativeDriver','Open','Method','Unable to connect to any of the specified MySQL hosts.','   at MySql.Data.MySqlClient.NativeDriver.Open()\r\n   at MySql.Data.MySqlClient.Driver.Open()\r\n   at MySql.Data.MySqlClient.Driver.Create(MySqlConnectionStringBuilder settings)\r\n   at MySql.Data.MySqlClient.MySqlPool.GetPooledConnection()\r\n   at MySql.Data.MySqlClient.MySqlPool.TryToGetDriver()\r\n   at MySql.Data.MySqlClient.MySqlPool.GetConnection()\r\n   at MySql.Data.MySqlClient.MySqlConnection.Open()\r\n   at DataAccess.SSS_DAO.find_Contribution(Double basicPay) in C:\\Documents and Settings\\xp\\My Documents\\Projects\\Payroll System\\3 Development\\Software\\04 Dev\\01 PayrollApp_DEV\\PayrollApp_Construction\\DataAccess\\SSS_DAO.vb:line 64',0,'2012-11-28 21:14:53'),(10,0,'Presentation','Presentation.frmCreatePayroll_Nav','setPayrollSummary','Method','An error occur while finding the `SSS contribution`.\r\n\r\nCannot connect to the database.','   at Presentation.frmCreatePayroll_Nav.setPayrollSummary() in C:\\Documents and Settings\\xp\\My Documents\\Projects\\Payroll System\\3 Development\\Software\\04 Dev\\01 PayrollApp_DEV\\PayrollApp_Construction\\Presentation\\Presentation\\frmCreatePayroll_Nav.vb:line 423\r\n   at Presentation.frmCreatePayroll_Nav.employeeSelected(DataRowView drv) in C:\\Documents and Settings\\xp\\My Documents\\Projects\\Payroll System\\3 Development\\Software\\04 Dev\\01 PayrollApp_DEV\\PayrollApp_Construction\\Presentation\\Presentation\\frmCreatePayroll_Nav.vb:line 104',0,'2012-11-28 21:14:59'),(11,0,'Presentation','Presentation.QuickSearchUC','copyDataSource','Method','Unable to cast object of type #System.Data.DataView# to type #System.Data.DataTable#.','   at Presentation.QuickSearchUC.copyDataSource() in C:\\Documents and Settings\\xp\\My Documents\\Projects\\Payroll System\\3 Development\\Software\\04 Dev\\01 PayrollApp_DEV\\PayrollApp_Construction\\Presentation\\Presentation\\UserControl\\QuickSearchUC.vb:line 53',0,'2012-11-29 17:47:06'),(12,0,'Presentation','Presentation.Emp_QuickSearchUC','fill_AutoComplete','Method','Object reference not set to an instance of an object.','   at Presentation.Emp_QuickSearchUC.fill_AutoComplete() in C:\\Documents and Settings\\xp\\My Documents\\Projects\\Payroll System\\3 Development\\Software\\04 Dev\\01 PayrollApp_DEV\\PayrollApp_Construction\\Presentation\\Presentation\\UserControl\\Emp_QuickSearchUC.vb:line 57',0,'2012-11-29 17:47:07'),(13,0,'Presentation','Presentation.QuickSearchUC','copyDataSource','Method','Unable to cast object of type #System.Data.DataView# to type #System.Data.DataTable#.','   at Presentation.QuickSearchUC.copyDataSource() in C:\\Documents and Settings\\xp\\My Documents\\Projects\\Payroll System\\3 Development\\Software\\04 Dev\\01 PayrollApp_DEV\\PayrollApp_Construction\\Presentation\\Presentation\\UserControl\\QuickSearchUC.vb:line 53',0,'2012-11-29 17:47:14'),(14,0,'Presentation','Presentation.Emp_QuickSearchUC','fill_AutoComplete','Method','Object reference not set to an instance of an object.','   at Presentation.Emp_QuickSearchUC.fill_AutoComplete() in C:\\Documents and Settings\\xp\\My Documents\\Projects\\Payroll System\\3 Development\\Software\\04 Dev\\01 PayrollApp_DEV\\PayrollApp_Construction\\Presentation\\Presentation\\UserControl\\Emp_QuickSearchUC.vb:line 57',0,'2012-11-29 17:47:14'),(15,0,'Presentation','Presentation.frmCreatePayroll_Nav','Payroll_Period_changed','Method','Object reference not set to an instance of an object.','   at Presentation.frmCreatePayroll_Nav.Payroll_Period_changed(DateTime dateFrom, DateTime dateTo, PayMethod payMethod) in C:\\Documents and Settings\\xp\\My Documents\\Projects\\Payroll System\\3 Development\\Software\\04 Dev\\01 PayrollApp_DEV\\PayrollApp_Construction\\Presentation\\Presentation\\frmCreatePayroll_Nav.vb:line 1475\r\n   at Presentation.frmCreatePayroll_Nav..ctor(DateTime dateFrom, DateTime dateTo, PayMethod payMethod) in C:\\Documents and Settings\\xp\\My Documents\\Projects\\Payroll System\\3 Development\\Software\\04 Dev\\01 PayrollApp_DEV\\PayrollApp_Construction\\Presentation\\Presentation\\frmCreatePayroll_Nav.vb:line 38\r\n   at Presentation.MainForm.showCreatePayroll_Nav(DateTime dateFrom, DateTime dateTo, PayMethod payMethod) in C:\\Documents and Settings\\xp\\My Documents\\Projects\\Payroll System\\3 Development\\Software\\04 Dev\\01 PayrollApp_DEV\\PayrollApp_Construction\\Presentation\\Presentation\\MainForm.vb:line 176\r\n   at Presentation.NavUC.createPayroll(DateTime dateFrom, DateTime dateTo, PayMethod payMethod) in C:\\Documents and Settings\\xp\\My Documents\\Projects\\Payroll System\\3 Development\\Software\\04 Dev\\01 PayrollApp_DEV\\PayrollApp_Construction\\Presentation\\Presentation\\UserControl\\NavUC.vb:line 111\r\n   at Presentation.frmPayroll_Period.btnOK_Click(Object sender, EventArgs e) in C:\\Documents and Settings\\xp\\My Documents\\Projects\\Payroll System\\3 Development\\Software\\04 Dev\\01 PayrollApp_DEV\\PayrollApp_Construction\\Presentation\\Presentation\\frmPayroll_Period.vb:line 46\r\n   at System.Windows.Forms.Control.OnClick(EventArgs e)\r\n   at System.Windows.Forms.Button.OnClick(EventArgs e)\r\n   at System.Windows.Forms.Button.OnMouseUp(MouseEventArgs mevent)\r\n   at System.Windows.Forms.Control.WmMouseUp(Message& m, MouseButtons button, Int32 clicks)\r\n   at System.Windows.Forms.Control.WndProc(Message& m)\r\n   at System.Windows.Forms.ButtonBase.WndProc(Message& m)\r\n   at System.Windows.Forms.Button.WndProc(Message& m)\r\n   at System.Windows.Forms.Control.ControlNativeWindow.OnMessage(Message& m)\r\n   at System.Windows.Forms.Control.ControlNativeWindow.WndProc(Message& m)\r\n   at System.Windows.Forms.NativeWindow.DebuggableCallback(IntPtr hWnd, Int32 msg, IntPtr wparam, IntPtr lparam)\r\n   at System.Windows.Forms.UnsafeNativeMethods.DispatchMessageW(MSG& msg)\r\n   at System.Windows.Forms.Application.ComponentManager.System.Windows.Forms.UnsafeNativeMethods.IMsoComponentManager.FPushMessageLoop(IntPtr dwComponentID, Int32 reason, Int32 pvLoopData)\r\n   at System.Windows.Forms.Application.ThreadContext.RunMessageLoopInner(Int32 reason, ApplicationContext context)\r\n   at System.Windows.Forms.Application.ThreadContext.RunMessageLoop(Int32 reason, ApplicationContext context)\r\n   at System.Windows.Forms.Application.RunDialog(Form form)\r\n   at System.Windows.Forms.Form.ShowDialog(IWin32Window owner)\r\n   at System.Windows.Forms.Form.ShowDialog()\r\n   at Presentation.NavUC.tsbtnCreatePayroll_Click(Object sender, EventArgs e) in C:\\Documents and Settings\\xp\\My Documents\\Projects\\Payroll System\\3 Development\\Software\\04 Dev\\01 PayrollApp_DEV\\PayrollApp_Construction\\Presentation\\Presentation\\UserControl\\NavUC.vb:line 101\r\n   at System.Windows.Forms.ToolStripItem.RaiseEvent(Object key, EventArgs e)\r\n   at System.Windows.Forms.ToolStripButton.OnClick(EventArgs e)\r\n   at System.Windows.Forms.ToolStripItem.HandleClick(EventArgs e)\r\n   at System.Windows.Forms.ToolStripItem.HandleMouseUp(MouseEventArgs e)\r\n   at System.Windows.Forms.ToolStripItem.FireEventInteractive(EventArgs e, ToolStripItemEventType met)\r\n   at System.Windows.Forms.ToolStripItem.FireEvent(EventArgs e, ToolStripItemEventType met)\r\n   at System.Windows.Forms.ToolStrip.OnMouseUp(MouseEventArgs mea)\r\n   at System.Windows.Forms.Control.WmMouseUp(Message& m, MouseButtons button, Int32 clicks)\r\n   at System.Windows.Forms.Control.WndProc(Message& m)\r\n   at System.Windows.Forms.ScrollableControl.WndProc(Message& m)\r\n   at System.Windows.Forms.ToolStrip.WndProc(Message& m)\r\n   at System.Windows.Forms.Control.ControlNativeWindow.OnMessage(Message& m)\r\n   at System.Windows.Forms.Control.ControlNativeWindow.WndProc(Message& m)\r\n   at System.Windows.Forms.NativeWindow.DebuggableCallback(IntPtr hWnd, Int32 msg, IntPtr wparam, IntPtr lparam)\r\n   at System.Windows.Forms.UnsafeNativeMethods.DispatchMessageW(MSG& msg)\r\n   at System.Windows.Forms.Application.ComponentManager.System.Windows.Forms.UnsafeNativeMethods.IMsoComponentManager.FPushMessageLoop(IntPtr dwComponentID, Int32 reason, Int32 pvLoopData)\r\n   at System.Windows.Forms.Application.ThreadContext.RunMessageLoopInner(Int32 reason, ApplicationContext context)\r\n   at System.Windows.Forms.Application.ThreadContext.RunMessageLoop(Int32 reason, ApplicationContext context)\r\n   at System.Windows.Forms.Application.Run(ApplicationContext context)\r\n   at Microsoft.VisualBasic.ApplicationServices.WindowsFormsApplicationBase.OnRun()\r\n   at Microsoft.VisualBasic.ApplicationServices.WindowsFormsApplicationBase.DoApplicationModel()\r\n   at Microsoft.VisualBasic.ApplicationServices.WindowsFormsApplicationBase.Run(String[] commandLine)\r\n   at Presentation.My.MyApplication.Main(String[] Args) in 17d14f5c-a337-4978-8281-53493378c1071.vb:line 81\r\n   at System.AppDomain._nExecuteAssembly(RuntimeAssembly assembly, String[] args)\r\n   at System.AppDomain.ExecuteAssembly(String assemblyFile, Evidence assemblySecurity, String[] args)\r\n   at Microsoft.VisualStudio.HostingProcess.HostProc.RunUsersAssembly()\r\n   at System.Threading.ThreadHelper.ThreadStart_Context(Object state)\r\n   at System.Threading.ExecutionContext.Run(ExecutionContext executionContext, ContextCallback callback, Object state, Boolean ignoreSyncCtx)\r\n   at System.Threading.ExecutionContext.Run(ExecutionContext executionContext, ContextCallback callback, Object state)\r\n   at System.Threading.ThreadHelper.ThreadStart()',0,'2012-11-29 17:53:25'),(16,0,'Presentation','Presentation.QuickSearchUC','copyDataSource','Method','Unable to cast object of type #System.Data.DataView# to type #System.Data.DataTable#.','   at Presentation.QuickSearchUC.copyDataSource() in C:\\Documents and Settings\\xp\\My Documents\\Projects\\Payroll System\\3 Development\\Software\\04 Dev\\01 PayrollApp_DEV\\PayrollApp_Construction\\Presentation\\Presentation\\UserControl\\QuickSearchUC.vb:line 53',0,'2012-11-29 17:55:21'),(17,0,'Presentation','Presentation.Emp_QuickSearchUC','fill_AutoComplete','Method','Object reference not set to an instance of an object.','   at Presentation.Emp_QuickSearchUC.fill_AutoComplete() in C:\\Documents and Settings\\xp\\My Documents\\Projects\\Payroll System\\3 Development\\Software\\04 Dev\\01 PayrollApp_DEV\\PayrollApp_Construction\\Presentation\\Presentation\\UserControl\\Emp_QuickSearchUC.vb:line 57',0,'2012-11-29 17:55:21'),(18,0,'System.Data','System.Data.NameNode','Bind','Method','Cannot find column [Weekly].','   at System.Data.NameNode.Bind(DataTable table, List`1 list)\r\n   at System.Data.BinaryNode.Bind(DataTable table, List`1 list)\r\n   at System.Data.DataExpression.Bind(DataTable table)\r\n   at System.Data.DataExpression..ctor(DataTable table, String expression, Type type)\r\n   at System.Data.DataView.set_RowFilter(String value)\r\n   at Presentation.frmEmpChooser.filterData() in C:\\Documents and Settings\\xp\\My Documents\\Projects\\Payroll System\\3 Development\\Software\\04 Dev\\01 PayrollApp_DEV\\PayrollApp_Construction\\Presentation\\Presentation\\frmEmpChooser.vb:line 50\r\n   at Presentation.frmEmpChooser.frmEmpChooser_Load(Object sender, EventArgs e) in C:\\Documents and Settings\\xp\\My Documents\\Projects\\Payroll System\\3 Development\\Software\\04 Dev\\01 PayrollApp_DEV\\PayrollApp_Construction\\Presentation\\Presentation\\frmEmpChooser.vb:line 251\r\n   at System.Windows.Forms.Form.OnLoad(EventArgs e)\r\n   at System.Windows.Forms.Form.OnCreateControl()\r\n   at System.Windows.Forms.Control.CreateControl(Boolean fIgnoreVisible)\r\n   at System.Windows.Forms.Control.CreateControl()\r\n   at System.Windows.Forms.Control.WmShowWindow(Message& m)\r\n   at System.Windows.Forms.Control.WndProc(Message& m)\r\n   at System.Windows.Forms.ScrollableControl.WndProc(Message& m)\r\n   at System.Windows.Forms.Form.WmShowWindow(Message& m)\r\n   at System.Windows.Forms.Form.WndProc(Message& m)\r\n   at System.Windows.Forms.Control.ControlNativeWindow.OnMessage(Message& m)\r\n   at System.Windows.Forms.Control.ControlNativeWindow.WndProc(Message& m)\r\n   at System.Windows.Forms.NativeWindow.DebuggableCallback(IntPtr hWnd, Int32 msg, IntPtr wparam, IntPtr lparam)\r\n   at System.Windows.Forms.SafeNativeMethods.ShowWindow(HandleRef hWnd, Int32 nCmdShow)\r\n   at System.Windows.Forms.Control.SetVisibleCore(Boolean value)\r\n   at System.Windows.Forms.Form.SetVisibleCore(Boolean value)\r\n   at System.Windows.Forms.Control.set_Visible(Boolean value)\r\n   at System.Windows.Forms.Application.ThreadContext.RunMessageLoopInner(Int32 reason, ApplicationContext context)\r\n   at System.Windows.Forms.Application.ThreadContext.RunMessageLoop(Int32 reason, ApplicationContext context)\r\n   at System.Windows.Forms.Application.RunDialog(Form form)\r\n   at System.Windows.Forms.Form.ShowDialog(IWin32Window owner)\r\n   at System.Windows.Forms.Form.ShowDialog()\r\n   at Presentation.frmCreatePayroll_Nav.btnFindEmployee_Click(Object sender, EventArgs e) in C:\\Documents and Settings\\xp\\My Documents\\Projects\\Payroll System\\3 Development\\Software\\04 Dev\\01 PayrollApp_DEV\\PayrollApp_Construction\\Presentation\\Presentation\\frmCreatePayroll_Nav.vb:line 623\r\n   at System.Windows.Forms.Control.OnClick(EventArgs e)\r\n   at System.Windows.Forms.Button.OnClick(EventArgs e)\r\n   at System.Windows.Forms.Button.OnMouseUp(MouseEventArgs mevent)\r\n   at System.Windows.Forms.Control.WmMouseUp(Message& m, MouseButtons button, Int32 clicks)\r\n   at System.Windows.Forms.Control.WndProc(Message& m)\r\n   at System.Windows.Forms.ButtonBase.WndProc(Message& m)\r\n   at System.Windows.Forms.Button.WndProc(Message& m)\r\n   at System.Windows.Forms.Control.ControlNativeWindow.OnMessage(Message& m)\r\n   at System.Windows.Forms.Control.ControlNativeWindow.WndProc(Message& m)\r\n   at System.Windows.Forms.NativeWindow.DebuggableCallback(IntPtr hWnd, Int32 msg, IntPtr wparam, IntPtr lparam)\r\n   at System.Windows.Forms.UnsafeNativeMethods.DispatchMessageW(MSG& msg)\r\n   at System.Windows.Forms.Application.ComponentManager.System.Windows.Forms.UnsafeNativeMethods.IMsoComponentManager.FPushMessageLoop(IntPtr dwComponentID, Int32 reason, Int32 pvLoopData)\r\n   at System.Windows.Forms.Application.ThreadContext.RunMessageLoopInner(Int32 reason, ApplicationContext context)\r\n   at System.Windows.Forms.Application.ThreadContext.RunMessageLoop(Int32 reason, ApplicationContext context)\r\n   at System.Windows.Forms.Application.Run(ApplicationContext context)\r\n   at Microsoft.VisualBasic.ApplicationServices.WindowsFormsApplicationBase.OnRun()\r\n   at Microsoft.VisualBasic.ApplicationServices.WindowsFormsApplicationBase.DoApplicationModel()\r\n   at Microsoft.VisualBasic.ApplicationServices.WindowsFormsApplicationBase.Run(String[] commandLine)\r\n   at Presentation.My.MyApplication.Main(String[] Args) in 17d14f5c-a337-4978-8281-53493378c1071.vb:line 81\r\n   at System.AppDomain._nExecuteAssembly(RuntimeAssembly assembly, String[] args)\r\n   at System.AppDomain.ExecuteAssembly(String assemblyFile, Evidence assemblySecurity, String[] args)\r\n   at Microsoft.VisualStudio.HostingProcess.HostProc.RunUsersAssembly()\r\n   at System.Threading.ThreadHelper.ThreadStart_Context(Object state)\r\n   at System.Threading.ExecutionContext.Run(ExecutionContext executionContext, ContextCallback callback, Object state, Boolean ignoreSyncCtx)\r\n   at System.Threading.ExecutionContext.Run(ExecutionContext executionContext, ContextCallback callback, Object state)\r\n   at System.Threading.ThreadHelper.ThreadStart()',0,'2012-11-29 17:55:21'),(19,0,'Presentation','Presentation.QuickSearchUC','copyDataSource','Method','Unable to cast object of type #System.Data.DataView# to type #System.Data.DataTable#.','   at Presentation.QuickSearchUC.copyDataSource() in C:\\Documents and Settings\\xp\\My Documents\\Projects\\Payroll System\\3 Development\\Software\\04 Dev\\01 PayrollApp_DEV\\PayrollApp_Construction\\Presentation\\Presentation\\UserControl\\QuickSearchUC.vb:line 53',0,'2012-11-29 17:59:40'),(20,0,'Presentation','Presentation.Emp_QuickSearchUC','fill_AutoComplete','Method','Object reference not set to an instance of an object.','   at Presentation.Emp_QuickSearchUC.fill_AutoComplete() in C:\\Documents and Settings\\xp\\My Documents\\Projects\\Payroll System\\3 Development\\Software\\04 Dev\\01 PayrollApp_DEV\\PayrollApp_Construction\\Presentation\\Presentation\\UserControl\\Emp_QuickSearchUC.vb:line 57',0,'2012-11-29 17:59:40'),(21,0,'System.Data','System.Data.NameNode','Bind','Method','Cannot find column [Weekly].','   at System.Data.NameNode.Bind(DataTable table, List`1 list)\r\n   at System.Data.BinaryNode.Bind(DataTable table, List`1 list)\r\n   at System.Data.DataExpression.Bind(DataTable table)\r\n   at System.Data.DataExpression..ctor(DataTable table, String expression, Type type)\r\n   at System.Data.DataView.set_RowFilter(String value)\r\n   at Presentation.frmEmpChooser.filterData() in C:\\Documents and Settings\\xp\\My Documents\\Projects\\Payroll System\\3 Development\\Software\\04 Dev\\01 PayrollApp_DEV\\PayrollApp_Construction\\Presentation\\Presentation\\frmEmpChooser.vb:line 51\r\n   at Presentation.frmEmpChooser.frmEmpChooser_Load(Object sender, EventArgs e) in C:\\Documents and Settings\\xp\\My Documents\\Projects\\Payroll System\\3 Development\\Software\\04 Dev\\01 PayrollApp_DEV\\PayrollApp_Construction\\Presentation\\Presentation\\frmEmpChooser.vb:line 252\r\n   at System.Windows.Forms.Form.OnLoad(EventArgs e)\r\n   at System.Windows.Forms.Form.OnCreateControl()\r\n   at System.Windows.Forms.Control.CreateControl(Boolean fIgnoreVisible)\r\n   at System.Windows.Forms.Control.CreateControl()\r\n   at System.Windows.Forms.Control.WmShowWindow(Message& m)\r\n   at System.Windows.Forms.Control.WndProc(Message& m)\r\n   at System.Windows.Forms.ScrollableControl.WndProc(Message& m)\r\n   at System.Windows.Forms.Form.WmShowWindow(Message& m)\r\n   at System.Windows.Forms.Form.WndProc(Message& m)\r\n   at System.Windows.Forms.Control.ControlNativeWindow.OnMessage(Message& m)\r\n   at System.Windows.Forms.Control.ControlNativeWindow.WndProc(Message& m)\r\n   at System.Windows.Forms.NativeWindow.DebuggableCallback(IntPtr hWnd, Int32 msg, IntPtr wparam, IntPtr lparam)\r\n   at System.Windows.Forms.SafeNativeMethods.ShowWindow(HandleRef hWnd, Int32 nCmdShow)\r\n   at System.Windows.Forms.Control.SetVisibleCore(Boolean value)\r\n   at System.Windows.Forms.Form.SetVisibleCore(Boolean value)\r\n   at System.Windows.Forms.Control.set_Visible(Boolean value)\r\n   at System.Windows.Forms.Application.ThreadContext.RunMessageLoopInner(Int32 reason, ApplicationContext context)\r\n   at System.Windows.Forms.Application.ThreadContext.RunMessageLoop(Int32 reason, ApplicationContext context)\r\n   at System.Windows.Forms.Application.RunDialog(Form form)\r\n   at System.Windows.Forms.Form.ShowDialog(IWin32Window owner)\r\n   at System.Windows.Forms.Form.ShowDialog()\r\n   at Presentation.frmCreatePayroll_Nav.btnFindEmployee_Click(Object sender, EventArgs e) in C:\\Documents and Settings\\xp\\My Documents\\Projects\\Payroll System\\3 Development\\Software\\04 Dev\\01 PayrollApp_DEV\\PayrollApp_Construction\\Presentation\\Presentation\\frmCreatePayroll_Nav.vb:line 623\r\n   at System.Windows.Forms.Control.OnClick(EventArgs e)\r\n   at System.Windows.Forms.Button.OnClick(EventArgs e)\r\n   at System.Windows.Forms.Button.OnMouseUp(MouseEventArgs mevent)\r\n   at System.Windows.Forms.Control.WmMouseUp(Message& m, MouseButtons button, Int32 clicks)\r\n   at System.Windows.Forms.Control.WndProc(Message& m)\r\n   at System.Windows.Forms.ButtonBase.WndProc(Message& m)\r\n   at System.Windows.Forms.Button.WndProc(Message& m)\r\n   at System.Windows.Forms.Control.ControlNativeWindow.OnMessage(Message& m)\r\n   at System.Windows.Forms.Control.ControlNativeWindow.WndProc(Message& m)\r\n   at System.Windows.Forms.NativeWindow.DebuggableCallback(IntPtr hWnd, Int32 msg, IntPtr wparam, IntPtr lparam)\r\n   at System.Windows.Forms.UnsafeNativeMethods.DispatchMessageW(MSG& msg)\r\n   at System.Windows.Forms.Application.ComponentManager.System.Windows.Forms.UnsafeNativeMethods.IMsoComponentManager.FPushMessageLoop(IntPtr dwComponentID, Int32 reason, Int32 pvLoopData)\r\n   at System.Windows.Forms.Application.ThreadContext.RunMessageLoopInner(Int32 reason, ApplicationContext context)\r\n   at System.Windows.Forms.Application.ThreadContext.RunMessageLoop(Int32 reason, ApplicationContext context)\r\n   at System.Windows.Forms.Application.Run(ApplicationContext context)\r\n   at Microsoft.VisualBasic.ApplicationServices.WindowsFormsApplicationBase.OnRun()\r\n   at Microsoft.VisualBasic.ApplicationServices.WindowsFormsApplicationBase.DoApplicationModel()\r\n   at Microsoft.VisualBasic.ApplicationServices.WindowsFormsApplicationBase.Run(String[] commandLine)\r\n   at Presentation.My.MyApplication.Main(String[] Args) in 17d14f5c-a337-4978-8281-53493378c1071.vb:line 81\r\n   at System.AppDomain._nExecuteAssembly(RuntimeAssembly assembly, String[] args)\r\n   at System.AppDomain.ExecuteAssembly(String assemblyFile, Evidence assemblySecurity, String[] args)\r\n   at Microsoft.VisualStudio.HostingProcess.HostProc.RunUsersAssembly()\r\n   at System.Threading.ThreadHelper.ThreadStart_Context(Object state)\r\n   at System.Threading.ExecutionContext.Run(ExecutionContext executionContext, ContextCallback callback, Object state, Boolean ignoreSyncCtx)\r\n   at System.Threading.ExecutionContext.Run(ExecutionContext executionContext, ContextCallback callback, Object state)\r\n   at System.Threading.ThreadHelper.ThreadStart()',0,'2012-11-29 17:59:41'),(22,0,'Presentation','Presentation.QuickSearchUC','copyDataSource','Method','Unable to cast object of type #System.Data.DataView# to type #System.Data.DataTable#.','   at Presentation.QuickSearchUC.copyDataSource() in C:\\Documents and Settings\\xp\\My Documents\\Projects\\Payroll System\\3 Development\\Software\\04 Dev\\01 PayrollApp_DEV\\PayrollApp_Construction\\Presentation\\Presentation\\UserControl\\QuickSearchUC.vb:line 53',0,'2012-11-29 18:03:06'),(23,0,'Presentation','Presentation.Emp_QuickSearchUC','fill_AutoComplete','Method','Object reference not set to an instance of an object.','   at Presentation.Emp_QuickSearchUC.fill_AutoComplete() in C:\\Documents and Settings\\xp\\My Documents\\Projects\\Payroll System\\3 Development\\Software\\04 Dev\\01 PayrollApp_DEV\\PayrollApp_Construction\\Presentation\\Presentation\\UserControl\\Emp_QuickSearchUC.vb:line 57',0,'2012-11-29 18:03:06'),(24,0,'Presentation','Presentation.QuickSearchUC','copyDataSource','Method','Unable to cast object of type #System.Data.DataView# to type #System.Data.DataTable#.','   at Presentation.QuickSearchUC.copyDataSource() in C:\\Documents and Settings\\xp\\My Documents\\Projects\\Payroll System\\3 Development\\Software\\04 Dev\\01 PayrollApp_DEV\\PayrollApp_Construction\\Presentation\\Presentation\\UserControl\\QuickSearchUC.vb:line 53',0,'2012-11-29 18:03:16'),(25,0,'Presentation','Presentation.Emp_QuickSearchUC','fill_AutoComplete','Method','Object reference not set to an instance of an object.','   at Presentation.Emp_QuickSearchUC.fill_AutoComplete() in C:\\Documents and Settings\\xp\\My Documents\\Projects\\Payroll System\\3 Development\\Software\\04 Dev\\01 PayrollApp_DEV\\PayrollApp_Construction\\Presentation\\Presentation\\UserControl\\Emp_QuickSearchUC.vb:line 57',0,'2012-11-29 18:03:16'),(26,0,'Presentation','Presentation.QuickSearchUC','copyDataSource','Method','Unable to cast object of type #System.Data.DataView# to type #System.Data.DataTable#.','   at Presentation.QuickSearchUC.copyDataSource() in C:\\Documents and Settings\\xp\\My Documents\\Projects\\Payroll System\\3 Development\\Software\\04 Dev\\01 PayrollApp_DEV\\PayrollApp_Construction\\Presentation\\Presentation\\UserControl\\QuickSearchUC.vb:line 53',0,'2012-11-29 18:04:47'),(27,0,'Presentation','Presentation.Emp_QuickSearchUC','fill_AutoComplete','Method','Object reference not set to an instance of an object.','   at Presentation.Emp_QuickSearchUC.fill_AutoComplete() in C:\\Documents and Settings\\xp\\My Documents\\Projects\\Payroll System\\3 Development\\Software\\04 Dev\\01 PayrollApp_DEV\\PayrollApp_Construction\\Presentation\\Presentation\\UserControl\\Emp_QuickSearchUC.vb:line 57',0,'2012-11-29 18:04:47'),(28,0,'Presentation','Presentation.QuickSearchUC','copyDataSource','Method','Unable to cast object of type #System.Data.DataView# to type #System.Data.DataTable#.','   at Presentation.QuickSearchUC.copyDataSource() in C:\\Documents and Settings\\xp\\My Documents\\Projects\\Payroll System\\3 Development\\Software\\04 Dev\\01 PayrollApp_DEV\\PayrollApp_Construction\\Presentation\\Presentation\\UserControl\\QuickSearchUC.vb:line 53',0,'2012-11-29 18:05:15'),(29,0,'Presentation','Presentation.Emp_QuickSearchUC','fill_AutoComplete','Method','Object reference not set to an instance of an object.','   at Presentation.Emp_QuickSearchUC.fill_AutoComplete() in C:\\Documents and Settings\\xp\\My Documents\\Projects\\Payroll System\\3 Development\\Software\\04 Dev\\01 PayrollApp_DEV\\PayrollApp_Construction\\Presentation\\Presentation\\UserControl\\Emp_QuickSearchUC.vb:line 57',0,'2012-11-29 18:05:15'),(30,0,'Presentation','Presentation.QuickSearchUC','copyDataSource','Method','Unable to cast object of type #System.Data.DataView# to type #System.Data.DataTable#.','   at Presentation.QuickSearchUC.copyDataSource() in C:\\Documents and Settings\\xp\\My Documents\\Projects\\Payroll System\\3 Development\\Software\\04 Dev\\01 PayrollApp_DEV\\PayrollApp_Construction\\Presentation\\Presentation\\UserControl\\QuickSearchUC.vb:line 53',0,'2012-11-29 18:09:24'),(31,0,'Presentation','Presentation.Emp_QuickSearchUC','fill_AutoComplete','Method','Object reference not set to an instance of an object.','   at Presentation.Emp_QuickSearchUC.fill_AutoComplete() in C:\\Documents and Settings\\xp\\My Documents\\Projects\\Payroll System\\3 Development\\Software\\04 Dev\\01 PayrollApp_DEV\\PayrollApp_Construction\\Presentation\\Presentation\\UserControl\\Emp_QuickSearchUC.vb:line 57',0,'2012-11-29 18:09:24'),(32,0,'Presentation','Presentation.QuickSearchUC','copyDataSource','Method','Unable to cast object of type #System.Data.DataView# to type #System.Data.DataTable#.','   at Presentation.QuickSearchUC.copyDataSource() in C:\\Documents and Settings\\xp\\My Documents\\Projects\\Payroll System\\3 Development\\Software\\04 Dev\\01 PayrollApp_DEV\\PayrollApp_Construction\\Presentation\\Presentation\\UserControl\\QuickSearchUC.vb:line 53',0,'2012-11-29 18:23:34'),(33,0,'Presentation','Presentation.Emp_QuickSearchUC','fill_AutoComplete','Method','Object reference not set to an instance of an object.','   at Presentation.Emp_QuickSearchUC.fill_AutoComplete() in C:\\Documents and Settings\\xp\\My Documents\\Projects\\Payroll System\\3 Development\\Software\\04 Dev\\01 PayrollApp_DEV\\PayrollApp_Construction\\Presentation\\Presentation\\UserControl\\Emp_QuickSearchUC.vb:line 57',0,'2012-11-29 18:23:34'),(34,0,'Presentation','Presentation.Emp_QuickSearchUC','authenticateEmpNumber','Method','Object reference not set to an instance of an object.','   at Presentation.Emp_QuickSearchUC.authenticateEmpNumber(String employeeNumber) in C:\\Documents and Settings\\xp\\My Documents\\Projects\\Payroll System\\3 Development\\Software\\04 Dev\\01 PayrollApp_DEV\\PayrollApp_Construction\\Presentation\\Presentation\\UserControl\\Emp_QuickSearchUC.vb:line 133',0,'2012-11-29 18:24:18'),(35,0,'Presentation','Presentation.Emp_QuickSearchUC','authenticateEmpNumber','Method','Object reference not set to an instance of an object.','   at Presentation.Emp_QuickSearchUC.authenticateEmpNumber(String employeeNumber) in C:\\Documents and Settings\\xp\\My Documents\\Projects\\Payroll System\\3 Development\\Software\\04 Dev\\01 PayrollApp_DEV\\PayrollApp_Construction\\Presentation\\Presentation\\UserControl\\Emp_QuickSearchUC.vb:line 133',0,'2012-11-29 18:24:23'),(36,0,'Presentation','Presentation.Emp_QuickSearchUC','authenticateEmpNumber','Method','Object reference not set to an instance of an object.','   at Presentation.Emp_QuickSearchUC.authenticateEmpNumber(String employeeNumber) in C:\\Documents and Settings\\xp\\My Documents\\Projects\\Payroll System\\3 Development\\Software\\04 Dev\\01 PayrollApp_DEV\\PayrollApp_Construction\\Presentation\\Presentation\\UserControl\\Emp_QuickSearchUC.vb:line 133',0,'2012-11-29 18:24:29'),(37,0,'Presentation','Presentation.Emp_QuickSearchUC','authenticateEmpNumber','Method','Object reference not set to an instance of an object.','   at Presentation.Emp_QuickSearchUC.authenticateEmpNumber(String employeeNumber) in C:\\Documents and Settings\\xp\\My Documents\\Projects\\Payroll System\\3 Development\\Software\\04 Dev\\01 PayrollApp_DEV\\PayrollApp_Construction\\Presentation\\Presentation\\UserControl\\Emp_QuickSearchUC.vb:line 133',0,'2012-11-29 18:24:29'),(38,0,'Presentation','Presentation.Emp_QuickSearchUC','authenticateEmpNumber','Method','Object reference not set to an instance of an object.','   at Presentation.Emp_QuickSearchUC.authenticateEmpNumber(String employeeNumber) in C:\\Documents and Settings\\xp\\My Documents\\Projects\\Payroll System\\3 Development\\Software\\04 Dev\\01 PayrollApp_DEV\\PayrollApp_Construction\\Presentation\\Presentation\\UserControl\\Emp_QuickSearchUC.vb:line 133',0,'2012-11-29 18:24:30'),(39,0,'Presentation','Presentation.Emp_QuickSearchUC','authenticateEmpNumber','Method','Object reference not set to an instance of an object.','   at Presentation.Emp_QuickSearchUC.authenticateEmpNumber(String employeeNumber) in C:\\Documents and Settings\\xp\\My Documents\\Projects\\Payroll System\\3 Development\\Software\\04 Dev\\01 PayrollApp_DEV\\PayrollApp_Construction\\Presentation\\Presentation\\UserControl\\Emp_QuickSearchUC.vb:line 133',0,'2012-11-29 18:24:41'),(40,0,'Presentation','Presentation.Emp_QuickSearchUC','authenticateEmpNumber','Method','Object reference not set to an instance of an object.','   at Presentation.Emp_QuickSearchUC.authenticateEmpNumber(String employeeNumber) in C:\\Documents and Settings\\xp\\My Documents\\Projects\\Payroll System\\3 Development\\Software\\04 Dev\\01 PayrollApp_DEV\\PayrollApp_Construction\\Presentation\\Presentation\\UserControl\\Emp_QuickSearchUC.vb:line 133',0,'2012-11-29 18:24:42'),(41,0,'Presentation','Presentation.Emp_QuickSearchUC','authenticateEmpNumber','Method','Object reference not set to an instance of an object.','   at Presentation.Emp_QuickSearchUC.authenticateEmpNumber(String employeeNumber) in C:\\Documents and Settings\\xp\\My Documents\\Projects\\Payroll System\\3 Development\\Software\\04 Dev\\01 PayrollApp_DEV\\PayrollApp_Construction\\Presentation\\Presentation\\UserControl\\Emp_QuickSearchUC.vb:line 133',0,'2012-11-29 18:24:43'),(42,0,'Presentation','Presentation.Emp_QuickSearchUC','authenticateEmpNumber','Method','Object reference not set to an instance of an object.','   at Presentation.Emp_QuickSearchUC.authenticateEmpNumber(String employeeNumber) in C:\\Documents and Settings\\xp\\My Documents\\Projects\\Payroll System\\3 Development\\Software\\04 Dev\\01 PayrollApp_DEV\\PayrollApp_Construction\\Presentation\\Presentation\\UserControl\\Emp_QuickSearchUC.vb:line 133',0,'2012-11-29 18:24:43'),(43,0,'Presentation','Presentation.Emp_QuickSearchUC','authenticateEmpNumber','Method','Object reference not set to an instance of an object.','   at Presentation.Emp_QuickSearchUC.authenticateEmpNumber(String employeeNumber) in C:\\Documents and Settings\\xp\\My Documents\\Projects\\Payroll System\\3 Development\\Software\\04 Dev\\01 PayrollApp_DEV\\PayrollApp_Construction\\Presentation\\Presentation\\UserControl\\Emp_QuickSearchUC.vb:line 133',0,'2012-11-29 18:24:43'),(44,0,'Presentation','Presentation.Emp_QuickSearchUC','authenticateEmpNumber','Method','Object reference not set to an instance of an object.','   at Presentation.Emp_QuickSearchUC.authenticateEmpNumber(String employeeNumber) in C:\\Documents and Settings\\xp\\My Documents\\Projects\\Payroll System\\3 Development\\Software\\04 Dev\\01 PayrollApp_DEV\\PayrollApp_Construction\\Presentation\\Presentation\\UserControl\\Emp_QuickSearchUC.vb:line 133',0,'2012-11-29 18:24:44'),(45,0,'Presentation','Presentation.Emp_QuickSearchUC','authenticateEmpNumber','Method','Object reference not set to an instance of an object.','   at Presentation.Emp_QuickSearchUC.authenticateEmpNumber(String employeeNumber) in C:\\Documents and Settings\\xp\\My Documents\\Projects\\Payroll System\\3 Development\\Software\\04 Dev\\01 PayrollApp_DEV\\PayrollApp_Construction\\Presentation\\Presentation\\UserControl\\Emp_QuickSearchUC.vb:line 133',0,'2012-11-29 18:24:44'),(46,0,'Presentation','Presentation.Emp_QuickSearchUC','authenticateEmpNumber','Method','Object reference not set to an instance of an object.','   at Presentation.Emp_QuickSearchUC.authenticateEmpNumber(String employeeNumber) in C:\\Documents and Settings\\xp\\My Documents\\Projects\\Payroll System\\3 Development\\Software\\04 Dev\\01 PayrollApp_DEV\\PayrollApp_Construction\\Presentation\\Presentation\\UserControl\\Emp_QuickSearchUC.vb:line 133',0,'2012-11-29 18:24:44'),(47,0,'Presentation','Presentation.Emp_QuickSearchUC','authenticateEmpNumber','Method','Object reference not set to an instance of an object.','   at Presentation.Emp_QuickSearchUC.authenticateEmpNumber(String employeeNumber) in C:\\Documents and Settings\\xp\\My Documents\\Projects\\Payroll System\\3 Development\\Software\\04 Dev\\01 PayrollApp_DEV\\PayrollApp_Construction\\Presentation\\Presentation\\UserControl\\Emp_QuickSearchUC.vb:line 133',0,'2012-11-29 18:24:45'),(48,0,'Presentation','Presentation.Emp_QuickSearchUC','authenticateEmpNumber','Method','Object reference not set to an instance of an object.','   at Presentation.Emp_QuickSearchUC.authenticateEmpNumber(String employeeNumber) in C:\\Documents and Settings\\xp\\My Documents\\Projects\\Payroll System\\3 Development\\Software\\04 Dev\\01 PayrollApp_DEV\\PayrollApp_Construction\\Presentation\\Presentation\\UserControl\\Emp_QuickSearchUC.vb:line 133',0,'2012-11-29 18:24:45'),(49,0,'Presentation','Presentation.Emp_QuickSearchUC','authenticateEmpNumber','Method','Object reference not set to an instance of an object.','   at Presentation.Emp_QuickSearchUC.authenticateEmpNumber(String employeeNumber) in C:\\Documents and Settings\\xp\\My Documents\\Projects\\Payroll System\\3 Development\\Software\\04 Dev\\01 PayrollApp_DEV\\PayrollApp_Construction\\Presentation\\Presentation\\UserControl\\Emp_QuickSearchUC.vb:line 133',0,'2012-11-29 18:24:45'),(50,0,'Presentation','Presentation.Emp_QuickSearchUC','authenticateEmpNumber','Method','Object reference not set to an instance of an object.','   at Presentation.Emp_QuickSearchUC.authenticateEmpNumber(String employeeNumber) in C:\\Documents and Settings\\xp\\My Documents\\Projects\\Payroll System\\3 Development\\Software\\04 Dev\\01 PayrollApp_DEV\\PayrollApp_Construction\\Presentation\\Presentation\\UserControl\\Emp_QuickSearchUC.vb:line 133',0,'2012-11-29 18:24:46'),(51,0,'Presentation','Presentation.Emp_QuickSearchUC','authenticateEmpNumber','Method','Object reference not set to an instance of an object.','   at Presentation.Emp_QuickSearchUC.authenticateEmpNumber(String employeeNumber) in C:\\Documents and Settings\\xp\\My Documents\\Projects\\Payroll System\\3 Development\\Software\\04 Dev\\01 PayrollApp_DEV\\PayrollApp_Construction\\Presentation\\Presentation\\UserControl\\Emp_QuickSearchUC.vb:line 133',0,'2012-11-29 18:24:53'),(52,0,'Presentation','Presentation.Emp_QuickSearchUC','authenticateEmpNumber','Method','Object reference not set to an instance of an object.','   at Presentation.Emp_QuickSearchUC.authenticateEmpNumber(String employeeNumber) in C:\\Documents and Settings\\xp\\My Documents\\Projects\\Payroll System\\3 Development\\Software\\04 Dev\\01 PayrollApp_DEV\\PayrollApp_Construction\\Presentation\\Presentation\\UserControl\\Emp_QuickSearchUC.vb:line 133',0,'2012-11-29 18:25:15'),(53,0,'Presentation','Presentation.Emp_QuickSearchUC','authenticateEmpNumber','Method','Object reference not set to an instance of an object.','   at Presentation.Emp_QuickSearchUC.authenticateEmpNumber(String employeeNumber) in C:\\Documents and Settings\\xp\\My Documents\\Projects\\Payroll System\\3 Development\\Software\\04 Dev\\01 PayrollApp_DEV\\PayrollApp_Construction\\Presentation\\Presentation\\UserControl\\Emp_QuickSearchUC.vb:line 133',0,'2012-11-29 18:25:16'),(54,0,'Presentation','Presentation.Emp_QuickSearchUC','authenticateEmpNumber','Method','Object reference not set to an instance of an object.','   at Presentation.Emp_QuickSearchUC.authenticateEmpNumber(String employeeNumber) in C:\\Documents and Settings\\xp\\My Documents\\Projects\\Payroll System\\3 Development\\Software\\04 Dev\\01 PayrollApp_DEV\\PayrollApp_Construction\\Presentation\\Presentation\\UserControl\\Emp_QuickSearchUC.vb:line 133',0,'2012-11-29 18:25:16'),(55,0,'Presentation','Presentation.Emp_QuickSearchUC','authenticateEmpNumber','Method','Object reference not set to an instance of an object.','   at Presentation.Emp_QuickSearchUC.authenticateEmpNumber(String employeeNumber) in C:\\Documents and Settings\\xp\\My Documents\\Projects\\Payroll System\\3 Development\\Software\\04 Dev\\01 PayrollApp_DEV\\PayrollApp_Construction\\Presentation\\Presentation\\UserControl\\Emp_QuickSearchUC.vb:line 133',0,'2012-11-29 18:25:16'),(56,0,'Presentation','Presentation.Emp_QuickSearchUC','fill_AutoComplete','Method','Object reference not set to an instance of an object.','   at Presentation.Emp_QuickSearchUC.fill_AutoComplete() in C:\\Documents and Settings\\xp\\My Documents\\Projects\\Payroll System\\3 Development\\Software\\04 Dev\\01 PayrollApp_DEV\\PayrollApp_Construction\\Presentation\\Presentation\\UserControl\\Emp_QuickSearchUC.vb:line 57',0,'2012-11-29 18:25:17'),(57,0,'Presentation','Presentation.QuickSearchUC','copyDataSource','Method','Unable to cast object of type #System.Data.DataView# to type #System.Data.DataTable#.','   at Presentation.QuickSearchUC.copyDataSource() in C:\\Documents and Settings\\xp\\My Documents\\Projects\\Payroll System\\3 Development\\Software\\04 Dev\\01 PayrollApp_DEV\\PayrollApp_Construction\\Presentation\\Presentation\\UserControl\\QuickSearchUC.vb:line 53',0,'2012-11-29 18:43:32'),(58,0,'Presentation','Presentation.Emp_QuickSearchUC','fill_AutoComplete','Method','Object reference not set to an instance of an object.','   at Presentation.Emp_QuickSearchUC.fill_AutoComplete() in C:\\Documents and Settings\\xp\\My Documents\\Projects\\Payroll System\\3 Development\\Software\\04 Dev\\01 PayrollApp_DEV\\PayrollApp_Construction\\Presentation\\Presentation\\UserControl\\Emp_QuickSearchUC.vb:line 57',0,'2012-11-29 18:43:32'),(59,0,'Presentation','Presentation.QuickSearchUC','copyDataSource','Method','Unable to cast object of type #System.Data.DataView# to type #System.Data.DataTable#.','   at Presentation.QuickSearchUC.copyDataSource() in C:\\Documents and Settings\\xp\\My Documents\\Projects\\Payroll System\\3 Development\\Software\\04 Dev\\01 PayrollApp_DEV\\PayrollApp_Construction\\Presentation\\Presentation\\UserControl\\QuickSearchUC.vb:line 53',0,'2012-11-29 18:53:36'),(60,0,'Presentation','Presentation.Emp_QuickSearchUC','fill_AutoComplete','Method','Object reference not set to an instance of an object.','   at Presentation.Emp_QuickSearchUC.fill_AutoComplete() in C:\\Documents and Settings\\xp\\My Documents\\Projects\\Payroll System\\3 Development\\Software\\04 Dev\\01 PayrollApp_DEV\\PayrollApp_Construction\\Presentation\\Presentation\\UserControl\\Emp_QuickSearchUC.vb:line 57',0,'2012-11-29 18:53:36'),(61,0,'Presentation','Presentation.Emp_QuickSearchUC','fill_AutoComplete','Method','Object reference not set to an instance of an object.','   at Presentation.Emp_QuickSearchUC.fill_AutoComplete() in C:\\Documents and Settings\\xp\\My Documents\\Projects\\Payroll System\\3 Development\\Software\\04 Dev\\01 PayrollApp_DEV\\PayrollApp_Construction\\Presentation\\Presentation\\UserControl\\Emp_QuickSearchUC.vb:line 57',0,'2012-11-29 18:53:49'),(62,0,'Presentation','Presentation.Emp_QuickSearchUC','fill_AutoComplete','Method','Object reference not set to an instance of an object.','   at Presentation.Emp_QuickSearchUC.fill_AutoComplete() in C:\\Documents and Settings\\xp\\My Documents\\Projects\\Payroll System\\3 Development\\Software\\04 Dev\\01 PayrollApp_DEV\\PayrollApp_Construction\\Presentation\\Presentation\\UserControl\\Emp_QuickSearchUC.vb:line 57',0,'2012-11-29 18:54:18'),(63,0,'Presentation','Presentation.Emp_QuickSearchUC','fill_AutoComplete','Method','Object reference not set to an instance of an object.','   at Presentation.Emp_QuickSearchUC.fill_AutoComplete() in C:\\Documents and Settings\\xp\\My Documents\\Projects\\Payroll System\\3 Development\\Software\\04 Dev\\01 PayrollApp_DEV\\PayrollApp_Construction\\Presentation\\Presentation\\UserControl\\Emp_QuickSearchUC.vb:line 57',0,'2012-11-29 18:54:29'),(64,0,'Presentation','Presentation.Emp_QuickSearchUC','fill_AutoComplete','Method','Object reference not set to an instance of an object.','   at Presentation.Emp_QuickSearchUC.fill_AutoComplete() in C:\\Documents and Settings\\xp\\My Documents\\Projects\\Payroll System\\3 Development\\Software\\04 Dev\\01 PayrollApp_DEV\\PayrollApp_Construction\\Presentation\\Presentation\\UserControl\\Emp_QuickSearchUC.vb:line 57',0,'2012-11-29 18:54:44'),(65,0,'Presentation','Presentation.Emp_QuickSearchUC','fill_AutoComplete','Method','Object reference not set to an instance of an object.','   at Presentation.Emp_QuickSearchUC.fill_AutoComplete() in C:\\Documents and Settings\\xp\\My Documents\\Projects\\Payroll System\\3 Development\\Software\\04 Dev\\01 PayrollApp_DEV\\PayrollApp_Construction\\Presentation\\Presentation\\UserControl\\Emp_QuickSearchUC.vb:line 57',0,'2012-11-29 18:54:52'),(66,0,'Presentation','Presentation.Emp_QuickSearchUC','fill_AutoComplete','Method','Object reference not set to an instance of an object.','   at Presentation.Emp_QuickSearchUC.fill_AutoComplete() in C:\\Documents and Settings\\xp\\My Documents\\Projects\\Payroll System\\3 Development\\Software\\04 Dev\\01 PayrollApp_DEV\\PayrollApp_Construction\\Presentation\\Presentation\\UserControl\\Emp_QuickSearchUC.vb:line 57',0,'2012-11-29 18:55:02'),(67,0,'Presentation','Presentation.QuickSearchUC','copyDataSource','Method','Unable to cast object of type #System.Data.DataView# to type #System.Data.DataTable#.','   at Presentation.QuickSearchUC.copyDataSource() in C:\\Documents and Settings\\xp\\My Documents\\Projects\\Payroll System\\3 Development\\Software\\04 Dev\\01 PayrollApp_DEV\\PayrollApp_Construction\\Presentation\\Presentation\\UserControl\\QuickSearchUC.vb:line 53',0,'2012-11-29 19:00:43'),(68,0,'Presentation','Presentation.Emp_QuickSearchUC','fill_AutoComplete','Method','Object reference not set to an instance of an object.','   at Presentation.Emp_QuickSearchUC.fill_AutoComplete() in C:\\Documents and Settings\\xp\\My Documents\\Projects\\Payroll System\\3 Development\\Software\\04 Dev\\01 PayrollApp_DEV\\PayrollApp_Construction\\Presentation\\Presentation\\UserControl\\Emp_QuickSearchUC.vb:line 57',0,'2012-11-29 19:00:43'),(69,0,'System.Data','System.Data.ExpressionParser','Parse','Method','Syntax error: Missing operand before #And# operator.','   at System.Data.ExpressionParser.Parse()\r\n   at System.Data.DataExpression..ctor(DataTable table, String expression, Type type)\r\n   at System.Data.DataView.set_RowFilter(String value)\r\n   at System.Data.DataView.System.ComponentModel.IBindingListView.set_Filter(String value)\r\n   at System.Windows.Forms.BindingSource.set_InnerListFilter(String value)\r\n   at System.Windows.Forms.BindingSource.set_Filter(String value)\r\n   at Presentation.Emp_QuickSearchUC.filter() in C:\\Documents and Settings\\xp\\My Documents\\Projects\\Payroll System\\3 Development\\Software\\04 Dev\\01 PayrollApp_DEV\\PayrollApp_Construction\\Presentation\\Presentation\\UserControl\\Emp_QuickSearchUC.vb:line 115',0,'2012-11-29 19:11:18'),(70,0,'System.Data','System.Data.ExpressionParser','Parse','Method','Syntax error: Missing operand before #And# operator.','   at System.Data.ExpressionParser.Parse()\r\n   at System.Data.DataExpression..ctor(DataTable table, String expression, Type type)\r\n   at System.Data.DataView.set_RowFilter(String value)\r\n   at System.Data.DataView.System.ComponentModel.IBindingListView.set_Filter(String value)\r\n   at System.Windows.Forms.BindingSource.set_InnerListFilter(String value)\r\n   at System.Windows.Forms.BindingSource.set_Filter(String value)\r\n   at Presentation.Emp_QuickSearchUC.filter() in C:\\Documents and Settings\\xp\\My Documents\\Projects\\Payroll System\\3 Development\\Software\\04 Dev\\01 PayrollApp_DEV\\PayrollApp_Construction\\Presentation\\Presentation\\UserControl\\Emp_QuickSearchUC.vb:line 115',0,'2012-11-29 19:11:23'),(71,0,'System.Data','System.Data.ExpressionParser','Parse','Method','Syntax error: Missing operand before #And# operator.','   at System.Data.ExpressionParser.Parse()\r\n   at System.Data.DataExpression..ctor(DataTable table, String expression, Type type)\r\n   at System.Data.DataView.set_RowFilter(String value)\r\n   at System.Data.DataView.System.ComponentModel.IBindingListView.set_Filter(String value)\r\n   at System.Windows.Forms.BindingSource.set_InnerListFilter(String value)\r\n   at System.Windows.Forms.BindingSource.set_Filter(String value)\r\n   at Presentation.Emp_QuickSearchUC.filter() in C:\\Documents and Settings\\xp\\My Documents\\Projects\\Payroll System\\3 Development\\Software\\04 Dev\\01 PayrollApp_DEV\\PayrollApp_Construction\\Presentation\\Presentation\\UserControl\\Emp_QuickSearchUC.vb:line 115',0,'2012-11-29 19:11:30'),(72,0,'System.Data','System.Data.ExpressionParser','Parse','Method','Syntax error: Missing operand before #And# operator.','   at System.Data.ExpressionParser.Parse()\r\n   at System.Data.DataExpression..ctor(DataTable table, String expression, Type type)\r\n   at System.Data.DataView.set_RowFilter(String value)\r\n   at System.Data.DataView.System.ComponentModel.IBindingListView.set_Filter(String value)\r\n   at System.Windows.Forms.BindingSource.set_InnerListFilter(String value)\r\n   at System.Windows.Forms.BindingSource.set_Filter(String value)\r\n   at Presentation.Emp_QuickSearchUC.filter() in C:\\Documents and Settings\\xp\\My Documents\\Projects\\Payroll System\\3 Development\\Software\\04 Dev\\01 PayrollApp_DEV\\PayrollApp_Construction\\Presentation\\Presentation\\UserControl\\Emp_QuickSearchUC.vb:line 115',0,'2012-11-29 19:11:32'),(73,0,'System.Data','System.Data.ExpressionParser','Parse','Method','Syntax error: Missing operand before #And# operator.','   at System.Data.ExpressionParser.Parse()\r\n   at System.Data.DataExpression..ctor(DataTable table, String expression, Type type)\r\n   at System.Data.DataView.set_RowFilter(String value)\r\n   at System.Data.DataView.System.ComponentModel.IBindingListView.set_Filter(String value)\r\n   at System.Windows.Forms.BindingSource.set_InnerListFilter(String value)\r\n   at System.Windows.Forms.BindingSource.set_Filter(String value)\r\n   at Presentation.Emp_QuickSearchUC.filter() in C:\\Documents and Settings\\xp\\My Documents\\Projects\\Payroll System\\3 Development\\Software\\04 Dev\\01 PayrollApp_DEV\\PayrollApp_Construction\\Presentation\\Presentation\\UserControl\\Emp_QuickSearchUC.vb:line 115',0,'2012-11-29 19:11:33'),(74,0,'System.Data','System.Data.ExpressionParser','Parse','Method','Syntax error: Missing operand before #And# operator.','   at System.Data.ExpressionParser.Parse()\r\n   at System.Data.DataExpression..ctor(DataTable table, String expression, Type type)\r\n   at System.Data.DataView.set_RowFilter(String value)\r\n   at System.Data.DataView.System.ComponentModel.IBindingListView.set_Filter(String value)\r\n   at System.Windows.Forms.BindingSource.set_InnerListFilter(String value)\r\n   at System.Windows.Forms.BindingSource.set_Filter(String value)\r\n   at Presentation.Emp_QuickSearchUC.filter() in C:\\Documents and Settings\\xp\\My Documents\\Projects\\Payroll System\\3 Development\\Software\\04 Dev\\01 PayrollApp_DEV\\PayrollApp_Construction\\Presentation\\Presentation\\UserControl\\Emp_QuickSearchUC.vb:line 115',0,'2012-11-29 19:11:33'),(75,0,'System.Data','System.Data.ExpressionParser','Parse','Method','Syntax error: Missing operand before #And# operator.','   at System.Data.ExpressionParser.Parse()\r\n   at System.Data.DataExpression..ctor(DataTable table, String expression, Type type)\r\n   at System.Data.DataView.set_RowFilter(String value)\r\n   at System.Data.DataView.System.ComponentModel.IBindingListView.set_Filter(String value)\r\n   at System.Windows.Forms.BindingSource.set_InnerListFilter(String value)\r\n   at System.Windows.Forms.BindingSource.set_Filter(String value)\r\n   at Presentation.Emp_QuickSearchUC.filter() in C:\\Documents and Settings\\xp\\My Documents\\Projects\\Payroll System\\3 Development\\Software\\04 Dev\\01 PayrollApp_DEV\\PayrollApp_Construction\\Presentation\\Presentation\\UserControl\\Emp_QuickSearchUC.vb:line 115',0,'2012-11-29 19:11:35'),(76,0,'System.Data','System.Data.ExpressionParser','Parse','Method','Syntax error: Missing operand before #And# operator.','   at System.Data.ExpressionParser.Parse()\r\n   at System.Data.DataExpression..ctor(DataTable table, String expression, Type type)\r\n   at System.Data.DataView.set_RowFilter(String value)\r\n   at System.Data.DataView.System.ComponentModel.IBindingListView.set_Filter(String value)\r\n   at System.Windows.Forms.BindingSource.set_InnerListFilter(String value)\r\n   at System.Windows.Forms.BindingSource.set_Filter(String value)\r\n   at Presentation.Emp_QuickSearchUC.filter() in C:\\Documents and Settings\\xp\\My Documents\\Projects\\Payroll System\\3 Development\\Software\\04 Dev\\01 PayrollApp_DEV\\PayrollApp_Construction\\Presentation\\Presentation\\UserControl\\Emp_QuickSearchUC.vb:line 115',0,'2012-11-29 19:13:58'),(77,0,'Presentation','Presentation.QuickSearchUC','copyDataSource','Method','Unable to cast object of type #System.Data.DataView# to type #System.Data.DataTable#.','   at Presentation.QuickSearchUC.copyDataSource() in C:\\Documents and Settings\\xp\\My Documents\\Projects\\Payroll System\\3 Development\\Software\\04 Dev\\01 PayrollApp_DEV\\PayrollApp_Construction\\Presentation\\Presentation\\UserControl\\QuickSearchUC.vb:line 53',0,'2012-11-29 19:20:32'),(78,0,'Presentation','Presentation.Emp_QuickSearchUC','fill_AutoComplete','Method','Object reference not set to an instance of an object.','   at Presentation.Emp_QuickSearchUC.fill_AutoComplete() in C:\\Documents and Settings\\xp\\My Documents\\Projects\\Payroll System\\3 Development\\Software\\04 Dev\\01 PayrollApp_DEV\\PayrollApp_Construction\\Presentation\\Presentation\\UserControl\\Emp_QuickSearchUC.vb:line 81',0,'2012-11-29 19:20:32'),(79,0,'Presentation','Presentation.frmEmpChooser','InitializeComponent','Method','Object reference not set to an instance of an object.','   at Presentation.frmEmpChooser.InitializeComponent() in C:\\Documents and Settings\\xp\\My Documents\\Projects\\Payroll System\\3 Development\\Software\\04 Dev\\01 PayrollApp_DEV\\PayrollApp_Construction\\Presentation\\Presentation\\frmEmpChooser.Designer.vb:line 107\r\n   at Presentation.frmEmpChooser..ctor() in C:\\Documents and Settings\\xp\\My Documents\\Projects\\Payroll System\\3 Development\\Software\\04 Dev\\01 PayrollApp_DEV\\PayrollApp_Construction\\Presentation\\Presentation\\frmEmpChooser.vb:line 23\r\n   at Presentation.frmCreatePayroll_Nav.btnFindEmployee_Click(Object sender, EventArgs e) in C:\\Documents and Settings\\xp\\My Documents\\Projects\\Payroll System\\3 Development\\Software\\04 Dev\\01 PayrollApp_DEV\\PayrollApp_Construction\\Presentation\\Presentation\\frmCreatePayroll_Nav.vb:line 621\r\n   at System.Windows.Forms.Control.OnClick(EventArgs e)\r\n   at System.Windows.Forms.Button.OnClick(EventArgs e)\r\n   at System.Windows.Forms.Button.OnMouseUp(MouseEventArgs mevent)\r\n   at System.Windows.Forms.Control.WmMouseUp(Message& m, MouseButtons button, Int32 clicks)\r\n   at System.Windows.Forms.Control.WndProc(Message& m)\r\n   at System.Windows.Forms.ButtonBase.WndProc(Message& m)\r\n   at System.Windows.Forms.Button.WndProc(Message& m)\r\n   at System.Windows.Forms.Control.ControlNativeWindow.OnMessage(Message& m)\r\n   at System.Windows.Forms.Control.ControlNativeWindow.WndProc(Message& m)\r\n   at System.Windows.Forms.NativeWindow.DebuggableCallback(IntPtr hWnd, Int32 msg, IntPtr wparam, IntPtr lparam)\r\n   at System.Windows.Forms.UnsafeNativeMethods.DispatchMessageW(MSG& msg)\r\n   at System.Windows.Forms.Application.ComponentManager.System.Windows.Forms.UnsafeNativeMethods.IMsoComponentManager.FPushMessageLoop(IntPtr dwComponentID, Int32 reason, Int32 pvLoopData)\r\n   at System.Windows.Forms.Application.ThreadContext.RunMessageLoopInner(Int32 reason, ApplicationContext context)\r\n   at System.Windows.Forms.Application.ThreadContext.RunMessageLoop(Int32 reason, ApplicationContext context)\r\n   at System.Windows.Forms.Application.Run(ApplicationContext context)\r\n   at Microsoft.VisualBasic.ApplicationServices.WindowsFormsApplicationBase.OnRun()\r\n   at Microsoft.VisualBasic.ApplicationServices.WindowsFormsApplicationBase.DoApplicationModel()\r\n   at Microsoft.VisualBasic.ApplicationServices.WindowsFormsApplicationBase.Run(String[] commandLine)\r\n   at Presentation.My.MyApplication.Main(String[] Args) in 17d14f5c-a337-4978-8281-53493378c1071.vb:line 81\r\n   at System.AppDomain._nExecuteAssembly(RuntimeAssembly assembly, String[] args)\r\n   at System.AppDomain.ExecuteAssembly(String assemblyFile, Evidence assemblySecurity, String[] args)\r\n   at Microsoft.VisualStudio.HostingProcess.HostProc.RunUsersAssembly()\r\n   at System.Threading.ThreadHelper.ThreadStart_Context(Object state)\r\n   at System.Threading.ExecutionContext.Run(ExecutionContext executionContext, ContextCallback callback, Object state, Boolean ignoreSyncCtx)\r\n   at System.Threading.ExecutionContext.Run(ExecutionContext executionContext, ContextCallback callback, Object state)\r\n   at System.Threading.ThreadHelper.ThreadStart()',0,'2012-11-29 19:36:23'),(80,0,'Presentation','Presentation.frmEmpChooser','InitializeComponent','Method','Object reference not set to an instance of an object.','   at Presentation.frmEmpChooser.InitializeComponent() in C:\\Documents and Settings\\xp\\My Documents\\Projects\\Payroll System\\3 Development\\Software\\04 Dev\\01 PayrollApp_DEV\\PayrollApp_Construction\\Presentation\\Presentation\\frmEmpChooser.Designer.vb:line 107\r\n   at Presentation.frmEmpChooser..ctor() in C:\\Documents and Settings\\xp\\My Documents\\Projects\\Payroll System\\3 Development\\Software\\04 Dev\\01 PayrollApp_DEV\\PayrollApp_Construction\\Presentation\\Presentation\\frmEmpChooser.vb:line 23\r\n   at Presentation.frmCreatePayroll_Nav.btnFindEmployee_Click(Object sender, EventArgs e) in C:\\Documents and Settings\\xp\\My Documents\\Projects\\Payroll System\\3 Development\\Software\\04 Dev\\01 PayrollApp_DEV\\PayrollApp_Construction\\Presentation\\Presentation\\frmCreatePayroll_Nav.vb:line 621\r\n   at System.Windows.Forms.Control.OnClick(EventArgs e)\r\n   at System.Windows.Forms.Button.OnClick(EventArgs e)\r\n   at System.Windows.Forms.Button.OnMouseUp(MouseEventArgs mevent)\r\n   at System.Windows.Forms.Control.WmMouseUp(Message& m, MouseButtons button, Int32 clicks)\r\n   at System.Windows.Forms.Control.WndProc(Message& m)\r\n   at System.Windows.Forms.ButtonBase.WndProc(Message& m)\r\n   at System.Windows.Forms.Button.WndProc(Message& m)\r\n   at System.Windows.Forms.Control.ControlNativeWindow.OnMessage(Message& m)\r\n   at System.Windows.Forms.Control.ControlNativeWindow.WndProc(Message& m)\r\n   at System.Windows.Forms.NativeWindow.DebuggableCallback(IntPtr hWnd, Int32 msg, IntPtr wparam, IntPtr lparam)\r\n   at System.Windows.Forms.UnsafeNativeMethods.DispatchMessageW(MSG& msg)\r\n   at System.Windows.Forms.Application.ComponentManager.System.Windows.Forms.UnsafeNativeMethods.IMsoComponentManager.FPushMessageLoop(IntPtr dwComponentID, Int32 reason, Int32 pvLoopData)\r\n   at System.Windows.Forms.Application.ThreadContext.RunMessageLoopInner(Int32 reason, ApplicationContext context)\r\n   at System.Windows.Forms.Application.ThreadContext.RunMessageLoop(Int32 reason, ApplicationContext context)\r\n   at System.Windows.Forms.Application.Run(ApplicationContext context)\r\n   at Microsoft.VisualBasic.ApplicationServices.WindowsFormsApplicationBase.OnRun()\r\n   at Microsoft.VisualBasic.ApplicationServices.WindowsFormsApplicationBase.DoApplicationModel()\r\n   at Microsoft.VisualBasic.ApplicationServices.WindowsFormsApplicationBase.Run(String[] commandLine)\r\n   at Presentation.My.MyApplication.Main(String[] Args) in 17d14f5c-a337-4978-8281-53493378c1071.vb:line 81\r\n   at System.AppDomain._nExecuteAssembly(RuntimeAssembly assembly, String[] args)\r\n   at System.AppDomain.ExecuteAssembly(String assemblyFile, Evidence assemblySecurity, String[] args)\r\n   at Microsoft.VisualStudio.HostingProcess.HostProc.RunUsersAssembly()\r\n   at System.Threading.ThreadHelper.ThreadStart_Context(Object state)\r\n   at System.Threading.ExecutionContext.Run(ExecutionContext executionContext, ContextCallback callback, Object state, Boolean ignoreSyncCtx)\r\n   at System.Threading.ExecutionContext.Run(ExecutionContext executionContext, ContextCallback callback, Object state)\r\n   at System.Threading.ThreadHelper.ThreadStart()',0,'2012-11-29 19:36:48'),(81,0,'Presentation','Presentation.frmEmpChooser','InitializeComponent','Method','Object reference not set to an instance of an object.','   at Presentation.frmEmpChooser.InitializeComponent() in C:\\Documents and Settings\\xp\\My Documents\\Projects\\Payroll System\\3 Development\\Software\\04 Dev\\01 PayrollApp_DEV\\PayrollApp_Construction\\Presentation\\Presentation\\frmEmpChooser.Designer.vb:line 107\r\n   at Presentation.frmEmpChooser..ctor() in C:\\Documents and Settings\\xp\\My Documents\\Projects\\Payroll System\\3 Development\\Software\\04 Dev\\01 PayrollApp_DEV\\PayrollApp_Construction\\Presentation\\Presentation\\frmEmpChooser.vb:line 23\r\n   at Presentation.frmCreatePayroll_Nav.btnFindEmployee_Click(Object sender, EventArgs e) in C:\\Documents and Settings\\xp\\My Documents\\Projects\\Payroll System\\3 Development\\Software\\04 Dev\\01 PayrollApp_DEV\\PayrollApp_Construction\\Presentation\\Presentation\\frmCreatePayroll_Nav.vb:line 621\r\n   at System.Windows.Forms.Control.OnClick(EventArgs e)\r\n   at System.Windows.Forms.Button.OnClick(EventArgs e)\r\n   at System.Windows.Forms.Button.OnMouseUp(MouseEventArgs mevent)\r\n   at System.Windows.Forms.Control.WmMouseUp(Message& m, MouseButtons button, Int32 clicks)\r\n   at System.Windows.Forms.Control.WndProc(Message& m)\r\n   at System.Windows.Forms.ButtonBase.WndProc(Message& m)\r\n   at System.Windows.Forms.Button.WndProc(Message& m)\r\n   at System.Windows.Forms.Control.ControlNativeWindow.OnMessage(Message& m)\r\n   at System.Windows.Forms.Control.ControlNativeWindow.WndProc(Message& m)\r\n   at System.Windows.Forms.NativeWindow.DebuggableCallback(IntPtr hWnd, Int32 msg, IntPtr wparam, IntPtr lparam)\r\n   at System.Windows.Forms.UnsafeNativeMethods.DispatchMessageW(MSG& msg)\r\n   at System.Windows.Forms.Application.ComponentManager.System.Windows.Forms.UnsafeNativeMethods.IMsoComponentManager.FPushMessageLoop(IntPtr dwComponentID, Int32 reason, Int32 pvLoopData)\r\n   at System.Windows.Forms.Application.ThreadContext.RunMessageLoopInner(Int32 reason, ApplicationContext context)\r\n   at System.Windows.Forms.Application.ThreadContext.RunMessageLoop(Int32 reason, ApplicationContext context)\r\n   at System.Windows.Forms.Application.Run(ApplicationContext context)\r\n   at Microsoft.VisualBasic.ApplicationServices.WindowsFormsApplicationBase.OnRun()\r\n   at Microsoft.VisualBasic.ApplicationServices.WindowsFormsApplicationBase.DoApplicationModel()\r\n   at Microsoft.VisualBasic.ApplicationServices.WindowsFormsApplicationBase.Run(String[] commandLine)\r\n   at Presentation.My.MyApplication.Main(String[] Args) in 17d14f5c-a337-4978-8281-53493378c1071.vb:line 81\r\n   at System.AppDomain._nExecuteAssembly(RuntimeAssembly assembly, String[] args)\r\n   at System.AppDomain.ExecuteAssembly(String assemblyFile, Evidence assemblySecurity, String[] args)\r\n   at Microsoft.VisualStudio.HostingProcess.HostProc.RunUsersAssembly()\r\n   at System.Threading.ThreadHelper.ThreadStart_Context(Object state)\r\n   at System.Threading.ExecutionContext.Run(ExecutionContext executionContext, ContextCallback callback, Object state, Boolean ignoreSyncCtx)\r\n   at System.Threading.ExecutionContext.Run(ExecutionContext executionContext, ContextCallback callback, Object state)\r\n   at System.Threading.ThreadHelper.ThreadStart()',0,'2012-11-29 19:47:17'),(82,0,'Presentation','Presentation.frmEmpChooser','InitializeComponent','Method','Object reference not set to an instance of an object.','   at Presentation.frmEmpChooser.InitializeComponent() in C:\\Documents and Settings\\xp\\My Documents\\Projects\\Payroll System\\3 Development\\Software\\04 Dev\\01 PayrollApp_DEV\\PayrollApp_Construction\\Presentation\\Presentation\\frmEmpChooser.Designer.vb:line 107\r\n   at Presentation.frmEmpChooser..ctor() in C:\\Documents and Settings\\xp\\My Documents\\Projects\\Payroll System\\3 Development\\Software\\04 Dev\\01 PayrollApp_DEV\\PayrollApp_Construction\\Presentation\\Presentation\\frmEmpChooser.vb:line 23\r\n   at Presentation.frmCreatePayroll_Nav.btnFindEmployee_Click(Object sender, EventArgs e) in C:\\Documents and Settings\\xp\\My Documents\\Projects\\Payroll System\\3 Development\\Software\\04 Dev\\01 PayrollApp_DEV\\PayrollApp_Construction\\Presentation\\Presentation\\frmCreatePayroll_Nav.vb:line 621\r\n   at System.Windows.Forms.Control.OnClick(EventArgs e)\r\n   at System.Windows.Forms.Button.OnClick(EventArgs e)\r\n   at System.Windows.Forms.Button.OnMouseUp(MouseEventArgs mevent)\r\n   at System.Windows.Forms.Control.WmMouseUp(Message& m, MouseButtons button, Int32 clicks)\r\n   at System.Windows.Forms.Control.WndProc(Message& m)\r\n   at System.Windows.Forms.ButtonBase.WndProc(Message& m)\r\n   at System.Windows.Forms.Button.WndProc(Message& m)\r\n   at System.Windows.Forms.Control.ControlNativeWindow.OnMessage(Message& m)\r\n   at System.Windows.Forms.Control.ControlNativeWindow.WndProc(Message& m)\r\n   at System.Windows.Forms.NativeWindow.DebuggableCallback(IntPtr hWnd, Int32 msg, IntPtr wparam, IntPtr lparam)\r\n   at System.Windows.Forms.UnsafeNativeMethods.DispatchMessageW(MSG& msg)\r\n   at System.Windows.Forms.Application.ComponentManager.System.Windows.Forms.UnsafeNativeMethods.IMsoComponentManager.FPushMessageLoop(IntPtr dwComponentID, Int32 reason, Int32 pvLoopData)\r\n   at System.Windows.Forms.Application.ThreadContext.RunMessageLoopInner(Int32 reason, ApplicationContext context)\r\n   at System.Windows.Forms.Application.ThreadContext.RunMessageLoop(Int32 reason, ApplicationContext context)\r\n   at System.Windows.Forms.Application.Run(ApplicationContext context)\r\n   at Microsoft.VisualBasic.ApplicationServices.WindowsFormsApplicationBase.OnRun()\r\n   at Microsoft.VisualBasic.ApplicationServices.WindowsFormsApplicationBase.DoApplicationModel()\r\n   at Microsoft.VisualBasic.ApplicationServices.WindowsFormsApplicationBase.Run(String[] commandLine)\r\n   at Presentation.My.MyApplication.Main(String[] Args) in 17d14f5c-a337-4978-8281-53493378c1071.vb:line 81\r\n   at System.AppDomain._nExecuteAssembly(RuntimeAssembly assembly, String[] args)\r\n   at System.AppDomain.ExecuteAssembly(String assemblyFile, Evidence assemblySecurity, String[] args)\r\n   at Microsoft.VisualStudio.HostingProcess.HostProc.RunUsersAssembly()\r\n   at System.Threading.ThreadHelper.ThreadStart_Context(Object state)\r\n   at System.Threading.ExecutionContext.Run(ExecutionContext executionContext, ContextCallback callback, Object state, Boolean ignoreSyncCtx)\r\n   at System.Threading.ExecutionContext.Run(ExecutionContext executionContext, ContextCallback callback, Object state)\r\n   at System.Threading.ThreadHelper.ThreadStart()',0,'2012-11-29 19:49:18'),(83,0,'Presentation','Presentation.frmEmpChooser','InitializeComponent','Method','Object reference not set to an instance of an object.','   at Presentation.frmEmpChooser.InitializeComponent() in C:\\Documents and Settings\\xp\\My Documents\\Projects\\Payroll System\\3 Development\\Software\\04 Dev\\01 PayrollApp_DEV\\PayrollApp_Construction\\Presentation\\Presentation\\frmEmpChooser.Designer.vb:line 107\r\n   at Presentation.frmEmpChooser..ctor() in C:\\Documents and Settings\\xp\\My Documents\\Projects\\Payroll System\\3 Development\\Software\\04 Dev\\01 PayrollApp_DEV\\PayrollApp_Construction\\Presentation\\Presentation\\frmEmpChooser.vb:line 23\r\n   at Presentation.frmCreatePayroll_Nav.btnFindEmployee_Click(Object sender, EventArgs e) in C:\\Documents and Settings\\xp\\My Documents\\Projects\\Payroll System\\3 Development\\Software\\04 Dev\\01 PayrollApp_DEV\\PayrollApp_Construction\\Presentation\\Presentation\\frmCreatePayroll_Nav.vb:line 621\r\n   at System.Windows.Forms.Control.OnClick(EventArgs e)\r\n   at System.Windows.Forms.Button.OnClick(EventArgs e)\r\n   at System.Windows.Forms.Button.OnMouseUp(MouseEventArgs mevent)\r\n   at System.Windows.Forms.Control.WmMouseUp(Message& m, MouseButtons button, Int32 clicks)\r\n   at System.Windows.Forms.Control.WndProc(Message& m)\r\n   at System.Windows.Forms.ButtonBase.WndProc(Message& m)\r\n   at System.Windows.Forms.Button.WndProc(Message& m)\r\n   at System.Windows.Forms.Control.ControlNativeWindow.OnMessage(Message& m)\r\n   at System.Windows.Forms.Control.ControlNativeWindow.WndProc(Message& m)\r\n   at System.Windows.Forms.NativeWindow.DebuggableCallback(IntPtr hWnd, Int32 msg, IntPtr wparam, IntPtr lparam)\r\n   at System.Windows.Forms.UnsafeNativeMethods.DispatchMessageW(MSG& msg)\r\n   at System.Windows.Forms.Application.ComponentManager.System.Windows.Forms.UnsafeNativeMethods.IMsoComponentManager.FPushMessageLoop(IntPtr dwComponentID, Int32 reason, Int32 pvLoopData)\r\n   at System.Windows.Forms.Application.ThreadContext.RunMessageLoopInner(Int32 reason, ApplicationContext context)\r\n   at System.Windows.Forms.Application.ThreadContext.RunMessageLoop(Int32 reason, ApplicationContext context)\r\n   at System.Windows.Forms.Application.Run(ApplicationContext context)\r\n   at Microsoft.VisualBasic.ApplicationServices.WindowsFormsApplicationBase.OnRun()\r\n   at Microsoft.VisualBasic.ApplicationServices.WindowsFormsApplicationBase.DoApplicationModel()\r\n   at Microsoft.VisualBasic.ApplicationServices.WindowsFormsApplicationBase.Run(String[] commandLine)\r\n   at Presentation.My.MyApplication.Main(String[] Args) in 17d14f5c-a337-4978-8281-53493378c1071.vb:line 81\r\n   at System.AppDomain._nExecuteAssembly(RuntimeAssembly assembly, String[] args)\r\n   at System.AppDomain.ExecuteAssembly(String assemblyFile, Evidence assemblySecurity, String[] args)\r\n   at Microsoft.VisualStudio.HostingProcess.HostProc.RunUsersAssembly()\r\n   at System.Threading.ThreadHelper.ThreadStart_Context(Object state)\r\n   at System.Threading.ExecutionContext.Run(ExecutionContext executionContext, ContextCallback callback, Object state, Boolean ignoreSyncCtx)\r\n   at System.Threading.ExecutionContext.Run(ExecutionContext executionContext, ContextCallback callback, Object state)\r\n   at System.Threading.ThreadHelper.ThreadStart()',0,'2012-11-29 19:52:00'),(84,0,'Presentation','Presentation.frmEmpChooser','InitializeComponent','Method','Object reference not set to an instance of an object.','   at Presentation.frmEmpChooser.InitializeComponent() in C:\\Documents and Settings\\xp\\My Documents\\Projects\\Payroll System\\3 Development\\Software\\04 Dev\\01 PayrollApp_DEV\\PayrollApp_Construction\\Presentation\\Presentation\\frmEmpChooser.Designer.vb:line 107\r\n   at Presentation.frmEmpChooser..ctor(PayMethod payMethod) in C:\\Documents and Settings\\xp\\My Documents\\Projects\\Payroll System\\3 Development\\Software\\04 Dev\\01 PayrollApp_DEV\\PayrollApp_Construction\\Presentation\\Presentation\\frmEmpChooser.vb:line 17\r\n   at Presentation.frmCreatePayroll_Nav.btnFindEmployee_Click(Object sender, EventArgs e) in C:\\Documents and Settings\\xp\\My Documents\\Projects\\Payroll System\\3 Development\\Software\\04 Dev\\01 PayrollApp_DEV\\PayrollApp_Construction\\Presentation\\Presentation\\frmCreatePayroll_Nav.vb:line 621\r\n   at System.Windows.Forms.Control.OnClick(EventArgs e)\r\n   at System.Windows.Forms.Button.OnClick(EventArgs e)\r\n   at System.Windows.Forms.Button.OnMouseUp(MouseEventArgs mevent)\r\n   at System.Windows.Forms.Control.WmMouseUp(Message& m, MouseButtons button, Int32 clicks)\r\n   at System.Windows.Forms.Control.WndProc(Message& m)\r\n   at System.Windows.Forms.ButtonBase.WndProc(Message& m)\r\n   at System.Windows.Forms.Button.WndProc(Message& m)\r\n   at System.Windows.Forms.Control.ControlNativeWindow.OnMessage(Message& m)\r\n   at System.Windows.Forms.Control.ControlNativeWindow.WndProc(Message& m)\r\n   at System.Windows.Forms.NativeWindow.DebuggableCallback(IntPtr hWnd, Int32 msg, IntPtr wparam, IntPtr lparam)\r\n   at System.Windows.Forms.UnsafeNativeMethods.DispatchMessageW(MSG& msg)\r\n   at System.Windows.Forms.Application.ComponentManager.System.Windows.Forms.UnsafeNativeMethods.IMsoComponentManager.FPushMessageLoop(IntPtr dwComponentID, Int32 reason, Int32 pvLoopData)\r\n   at System.Windows.Forms.Application.ThreadContext.RunMessageLoopInner(Int32 reason, ApplicationContext context)\r\n   at System.Windows.Forms.Application.ThreadContext.RunMessageLoop(Int32 reason, ApplicationContext context)\r\n   at System.Windows.Forms.Application.Run(ApplicationContext context)\r\n   at Microsoft.VisualBasic.ApplicationServices.WindowsFormsApplicationBase.OnRun()\r\n   at Microsoft.VisualBasic.ApplicationServices.WindowsFormsApplicationBase.DoApplicationModel()\r\n   at Microsoft.VisualBasic.ApplicationServices.WindowsFormsApplicationBase.Run(String[] commandLine)\r\n   at Presentation.My.MyApplication.Main(String[] Args) in 17d14f5c-a337-4978-8281-53493378c1071.vb:line 81\r\n   at System.AppDomain._nExecuteAssembly(RuntimeAssembly assembly, String[] args)\r\n   at System.AppDomain.ExecuteAssembly(String assemblyFile, Evidence assemblySecurity, String[] args)\r\n   at Microsoft.VisualStudio.HostingProcess.HostProc.RunUsersAssembly()\r\n   at System.Threading.ThreadHelper.ThreadStart_Context(Object state)\r\n   at System.Threading.ExecutionContext.Run(ExecutionContext executionContext, ContextCallback callback, Object state, Boolean ignoreSyncCtx)\r\n   at System.Threading.ExecutionContext.Run(ExecutionContext executionContext, ContextCallback callback, Object state)\r\n   at System.Threading.ThreadHelper.ThreadStart()',0,'2012-11-29 19:56:30'),(85,0,'System.Data','System.Data.ExpressionParser','Parse','Method','Syntax error: Missing operand after #And# operator.','   at System.Data.ExpressionParser.Parse()\r\n   at System.Data.DataExpression..ctor(DataTable table, String expression, Type type)\r\n   at System.Data.DataView.set_RowFilter(String value)\r\n   at System.Data.DataView.System.ComponentModel.IBindingListView.set_Filter(String value)\r\n   at System.Windows.Forms.BindingSource.set_InnerListFilter(String value)\r\n   at System.Windows.Forms.BindingSource.set_Filter(String value)\r\n   at Presentation.Emp_QuickSearchUC.GetAll_Selected() in C:\\Documents and Settings\\xp\\My Documents\\Projects\\Payroll System\\3 Development\\Software\\04 Dev\\01 PayrollApp_DEV\\PayrollApp_Construction\\Presentation\\Presentation\\UserControl\\Emp_QuickSearchUC.vb:line 48\r\n   at Presentation.Emp_QuickSearchUC.fill_AutoComplete() in C:\\Documents and Settings\\xp\\My Documents\\Projects\\Payroll System\\3 Development\\Software\\04 Dev\\01 PayrollApp_DEV\\PayrollApp_Construction\\Presentation\\Presentation\\UserControl\\Emp_QuickSearchUC.vb:line 58\r\n   at Presentation.QuickSearchUC._Lambda$__26(Object a0, EventArgs a1) in C:\\Documents and Settings\\xp\\My Documents\\Projects\\Payroll System\\3 Development\\Software\\04 Dev\\01 PayrollApp_DEV\\PayrollApp_Construction\\Presentation\\Presentation\\UserControl\\QuickSearchUC.Designer.vb:line 0\r\n   at System.Windows.Forms.ToolStripItem.RaiseEvent(Object key, EventArgs e)\r\n   at System.Windows.Forms.ToolStripComboBox.OnSelectedIndexChanged(EventArgs e)\r\n   at System.Windows.Forms.ToolStripComboBox.HandleSelectedIndexChanged(Object sender, EventArgs e)\r\n   at System.Windows.Forms.ComboBox.OnSelectedIndexChanged(EventArgs e)\r\n   at System.Windows.Forms.ComboBox.WmReflectCommand(Message& m)\r\n   at System.Windows.Forms.ComboBox.WndProc(Message& m)\r\n   at System.Windows.Forms.Control.ControlNativeWindow.OnMessage(Message& m)\r\n   at System.Windows.Forms.Control.ControlNativeWindow.WndProc(Message& m)\r\n   at System.Windows.Forms.NativeWindow.DebuggableCallback(IntPtr hWnd, Int32 msg, IntPtr wparam, IntPtr lparam)\r\n   at System.Windows.Forms.UnsafeNativeMethods.SendMessage(HandleRef hWnd, Int32 msg, IntPtr wParam, IntPtr lParam)\r\n   at System.Windows.Forms.Control.SendMessage(Int32 msg, IntPtr wparam, IntPtr lparam)\r\n   at System.Windows.Forms.Control.ReflectMessageInternal(IntPtr hWnd, Message& m)\r\n   at System.Windows.Forms.Control.WmCommand(Message& m)\r\n   at System.Windows.Forms.Control.WndProc(Message& m)\r\n   at System.Windows.Forms.ScrollableControl.WndProc(Message& m)\r\n   at System.Windows.Forms.ToolStrip.WndProc(Message& m)\r\n   at System.Windows.Forms.Control.ControlNativeWindow.OnMessage(Message& m)\r\n   at System.Windows.Forms.Control.ControlNativeWindow.WndProc(Message& m)\r\n   at System.Windows.Forms.NativeWindow.DebuggableCallback(IntPtr hWnd, Int32 msg, IntPtr wparam, IntPtr lparam)\r\n   at System.Windows.Forms.UnsafeNativeMethods.CallWindowProc(IntPtr wndProc, IntPtr hWnd, Int32 msg, IntPtr wParam, IntPtr lParam)\r\n   at System.Windows.Forms.NativeWindow.DefWndProc(Message& m)\r\n   at System.Windows.Forms.Control.DefWndProc(Message& m)\r\n   at System.Windows.Forms.Control.WmCommand(Message& m)\r\n   at System.Windows.Forms.Control.WndProc(Message& m)\r\n   at System.Windows.Forms.ComboBox.WndProc(Message& m)\r\n   at System.Windows.Forms.Control.ControlNativeWindow.OnMessage(Message& m)\r\n   at System.Windows.Forms.Control.ControlNativeWindow.WndProc(Message& m)\r\n   at System.Windows.Forms.NativeWindow.DebuggableCallback(IntPtr hWnd, Int32 msg, IntPtr wparam, IntPtr lparam)\r\n   at System.Windows.Forms.UnsafeNativeMethods.DispatchMessageW(MSG& msg)\r\n   at System.Windows.Forms.Application.ComponentManager.System.Windows.Forms.UnsafeNativeMethods.IMsoComponentManager.FPushMessageLoop(IntPtr dwComponentID, Int32 reason, Int32 pvLoopData)\r\n   at System.Windows.Forms.Application.ThreadContext.RunMessageLoopInner(Int32 reason, ApplicationContext context)\r\n   at System.Windows.Forms.Application.ThreadContext.RunMessageLoop(Int32 reason, ApplicationContext context)\r\n   at System.Windows.Forms.Application.RunDialog(Form form)\r\n   at System.Windows.Forms.Form.ShowDialog(IWin32Window owner)\r\n   at System.Windows.Forms.Form.ShowDialog()\r\n   at Presentation.frmCreatePayroll_Nav.btnFindEmployee_Click(Object sender, EventArgs e) in C:\\Documents and Settings\\xp\\My Documents\\Projects\\Payroll System\\3 Development\\Software\\04 Dev\\01 PayrollApp_DEV\\PayrollApp_Construction\\Presentation\\Presentation\\frmCreatePayroll_Nav.vb:line 622\r\n   at System.Windows.Forms.Control.OnClick(EventArgs e)\r\n   at System.Windows.Forms.Button.OnClick(EventArgs e)\r\n   at System.Windows.Forms.Button.OnMouseUp(MouseEventArgs mevent)\r\n   at System.Windows.Forms.Control.WmMouseUp(Message& m, MouseButtons button, Int32 clicks)\r\n   at System.Windows.Forms.Control.WndProc(Message& m)\r\n   at System.Windows.Forms.ButtonBase.WndProc(Message& m)\r\n   at System.Windows.Forms.Button.WndProc(Message& m)\r\n   at System.Windows.Forms.Control.ControlNativeWindow.OnMessage(Message& m)\r\n   at System.Windows.Forms.Control.ControlNativeWindow.WndProc(Message& m)\r\n   at System.Windows.Forms.NativeWindow.DebuggableCallback(IntPtr hWnd, Int32 msg, IntPtr wparam, IntPtr lparam)\r\n   at System.Windows.Forms.UnsafeNativeMethods.DispatchMessageW(MSG& msg)\r\n   at System.Windows.Forms.Application.ComponentManager.System.Windows.Forms.UnsafeNativeMethods.IMsoComponentManager.FPushMessageLoop(IntPtr dwComponentID, Int32 reason, Int32 pvLoopData)\r\n   at System.Windows.Forms.Application.ThreadContext.RunMessageLoopInner(Int32 reason, ApplicationContext context)\r\n   at System.Windows.Forms.Application.ThreadContext.RunMessageLoop(Int32 reason, ApplicationContext context)\r\n   at System.Windows.Forms.Application.Run(ApplicationContext context)\r\n   at Microsoft.VisualBasic.ApplicationServices.WindowsFormsApplicationBase.OnRun()\r\n   at Microsoft.VisualBasic.ApplicationServices.WindowsFormsApplicationBase.DoApplicationModel()\r\n   at Microsoft.VisualBasic.ApplicationServices.WindowsFormsApplicationBase.Run(String[] commandLine)\r\n   at Presentation.My.MyApplication.Main(String[] Args) in 17d14f5c-a337-4978-8281-53493378c1071.vb:line 81\r\n   at System.AppDomain._nExecuteAssembly(RuntimeAssembly assembly, String[] args)\r\n   at System.AppDomain.ExecuteAssembly(String assemblyFile, Evidence assemblySecurity, String[] args)\r\n   at Microsoft.VisualStudio.HostingProcess.HostProc.RunUsersAssembly()\r\n   at System.Threading.ThreadHelper.ThreadStart_Context(Object state)\r\n   at System.Threading.ExecutionContext.Run(ExecutionContext executionContext, ContextCallback callback, Object state, Boolean ignoreSyncCtx)\r\n   at System.Threading.ExecutionContext.Run(ExecutionContext executionContext, ContextCallback callback, Object state)\r\n   at System.Threading.ThreadHelper.ThreadStart()',0,'2012-11-29 20:02:31'),(86,0,'System.Data','System.Data.ExpressionParser','Parse','Method','Syntax error: Missing operand after #And# operator.','   at System.Data.ExpressionParser.Parse()\r\n   at System.Data.DataExpression..ctor(DataTable table, String expression, Type type)\r\n   at System.Data.DataView.set_RowFilter(String value)\r\n   at System.Data.DataView.System.ComponentModel.IBindingListView.set_Filter(String value)\r\n   at System.Windows.Forms.BindingSource.set_InnerListFilter(String value)\r\n   at System.Windows.Forms.BindingSource.set_Filter(String value)\r\n   at Presentation.Emp_QuickSearchUC.GetAll_Selected() in C:\\Documents and Settings\\xp\\My Documents\\Projects\\Payroll System\\3 Development\\Software\\04 Dev\\01 PayrollApp_DEV\\PayrollApp_Construction\\Presentation\\Presentation\\UserControl\\Emp_QuickSearchUC.vb:line 48\r\n   at Presentation.Emp_QuickSearchUC.fill_AutoComplete() in C:\\Documents and Settings\\xp\\My Documents\\Projects\\Payroll System\\3 Development\\Software\\04 Dev\\01 PayrollApp_DEV\\PayrollApp_Construction\\Presentation\\Presentation\\UserControl\\Emp_QuickSearchUC.vb:line 58\r\n   at Presentation.QuickSearchUC._Lambda$__26(Object a0, EventArgs a1) in C:\\Documents and Settings\\xp\\My Documents\\Projects\\Payroll System\\3 Development\\Software\\04 Dev\\01 PayrollApp_DEV\\PayrollApp_Construction\\Presentation\\Presentation\\UserControl\\QuickSearchUC.Designer.vb:line 0\r\n   at System.Windows.Forms.ToolStripItem.RaiseEvent(Object key, EventArgs e)\r\n   at System.Windows.Forms.ToolStripComboBox.OnSelectedIndexChanged(EventArgs e)\r\n   at System.Windows.Forms.ToolStripComboBox.HandleSelectedIndexChanged(Object sender, EventArgs e)\r\n   at System.Windows.Forms.ComboBox.OnSelectedIndexChanged(EventArgs e)\r\n   at System.Windows.Forms.ComboBox.WmReflectCommand(Message& m)\r\n   at System.Windows.Forms.ComboBox.WndProc(Message& m)\r\n   at System.Windows.Forms.Control.ControlNativeWindow.OnMessage(Message& m)\r\n   at System.Windows.Forms.Control.ControlNativeWindow.WndProc(Message& m)\r\n   at System.Windows.Forms.NativeWindow.DebuggableCallback(IntPtr hWnd, Int32 msg, IntPtr wparam, IntPtr lparam)\r\n   at System.Windows.Forms.UnsafeNativeMethods.SendMessage(HandleRef hWnd, Int32 msg, IntPtr wParam, IntPtr lParam)\r\n   at System.Windows.Forms.Control.SendMessage(Int32 msg, IntPtr wparam, IntPtr lparam)\r\n   at System.Windows.Forms.Control.ReflectMessageInternal(IntPtr hWnd, Message& m)\r\n   at System.Windows.Forms.Control.WmCommand(Message& m)\r\n   at System.Windows.Forms.Control.WndProc(Message& m)\r\n   at System.Windows.Forms.ScrollableControl.WndProc(Message& m)\r\n   at System.Windows.Forms.ToolStrip.WndProc(Message& m)\r\n   at System.Windows.Forms.Control.ControlNativeWindow.OnMessage(Message& m)\r\n   at System.Windows.Forms.Control.ControlNativeWindow.WndProc(Message& m)\r\n   at System.Windows.Forms.NativeWindow.DebuggableCallback(IntPtr hWnd, Int32 msg, IntPtr wparam, IntPtr lparam)\r\n   at System.Windows.Forms.UnsafeNativeMethods.CallWindowProc(IntPtr wndProc, IntPtr hWnd, Int32 msg, IntPtr wParam, IntPtr lParam)\r\n   at System.Windows.Forms.NativeWindow.DefWndProc(Message& m)\r\n   at System.Windows.Forms.Control.DefWndProc(Message& m)\r\n   at System.Windows.Forms.Control.WmCommand(Message& m)\r\n   at System.Windows.Forms.Control.WndProc(Message& m)\r\n   at System.Windows.Forms.ComboBox.WndProc(Message& m)\r\n   at System.Windows.Forms.Control.ControlNativeWindow.OnMessage(Message& m)\r\n   at System.Windows.Forms.Control.ControlNativeWindow.WndProc(Message& m)\r\n   at System.Windows.Forms.NativeWindow.DebuggableCallback(IntPtr hWnd, Int32 msg, IntPtr wparam, IntPtr lparam)\r\n   at System.Windows.Forms.UnsafeNativeMethods.DispatchMessageW(MSG& msg)\r\n   at System.Windows.Forms.Application.ComponentManager.System.Windows.Forms.UnsafeNativeMethods.IMsoComponentManager.FPushMessageLoop(IntPtr dwComponentID, Int32 reason, Int32 pvLoopData)\r\n   at System.Windows.Forms.Application.ThreadContext.RunMessageLoopInner(Int32 reason, ApplicationContext context)\r\n   at System.Windows.Forms.Application.ThreadContext.RunMessageLoop(Int32 reason, ApplicationContext context)\r\n   at System.Windows.Forms.Application.RunDialog(Form form)\r\n   at System.Windows.Forms.Form.ShowDialog(IWin32Window owner)\r\n   at System.Windows.Forms.Form.ShowDialog()\r\n   at Presentation.frmCreatePayroll_Nav.btnFindEmployee_Click(Object sender, EventArgs e) in C:\\Documents and Settings\\xp\\My Documents\\Projects\\Payroll System\\3 Development\\Software\\04 Dev\\01 PayrollApp_DEV\\PayrollApp_Construction\\Presentation\\Presentation\\frmCreatePayroll_Nav.vb:line 622\r\n   at System.Windows.Forms.Control.OnClick(EventArgs e)\r\n   at System.Windows.Forms.Button.OnClick(EventArgs e)\r\n   at System.Windows.Forms.Button.OnMouseUp(MouseEventArgs mevent)\r\n   at System.Windows.Forms.Control.WmMouseUp(Message& m, MouseButtons button, Int32 clicks)\r\n   at System.Windows.Forms.Control.WndProc(Message& m)\r\n   at System.Windows.Forms.ButtonBase.WndProc(Message& m)\r\n   at System.Windows.Forms.Button.WndProc(Message& m)\r\n   at System.Windows.Forms.Control.ControlNativeWindow.OnMessage(Message& m)\r\n   at System.Windows.Forms.Control.ControlNativeWindow.WndProc(Message& m)\r\n   at System.Windows.Forms.NativeWindow.DebuggableCallback(IntPtr hWnd, Int32 msg, IntPtr wparam, IntPtr lparam)\r\n   at System.Windows.Forms.UnsafeNativeMethods.DispatchMessageW(MSG& msg)\r\n   at System.Windows.Forms.Application.ComponentManager.System.Windows.Forms.UnsafeNativeMethods.IMsoComponentManager.FPushMessageLoop(IntPtr dwComponentID, Int32 reason, Int32 pvLoopData)\r\n   at System.Windows.Forms.Application.ThreadContext.RunMessageLoopInner(Int32 reason, ApplicationContext context)\r\n   at System.Windows.Forms.Application.ThreadContext.RunMessageLoop(Int32 reason, ApplicationContext context)\r\n   at System.Windows.Forms.Application.Run(ApplicationContext context)\r\n   at Microsoft.VisualBasic.ApplicationServices.WindowsFormsApplicationBase.OnRun()\r\n   at Microsoft.VisualBasic.ApplicationServices.WindowsFormsApplicationBase.DoApplicationModel()\r\n   at Microsoft.VisualBasic.ApplicationServices.WindowsFormsApplicationBase.Run(String[] commandLine)\r\n   at Presentation.My.MyApplication.Main(String[] Args) in 17d14f5c-a337-4978-8281-53493378c1071.vb:line 81\r\n   at System.AppDomain._nExecuteAssembly(RuntimeAssembly assembly, String[] args)\r\n   at System.AppDomain.ExecuteAssembly(String assemblyFile, Evidence assemblySecurity, String[] args)\r\n   at Microsoft.VisualStudio.HostingProcess.HostProc.RunUsersAssembly()\r\n   at System.Threading.ThreadHelper.ThreadStart_Context(Object state)\r\n   at System.Threading.ExecutionContext.Run(ExecutionContext executionContext, ContextCallback callback, Object state, Boolean ignoreSyncCtx)\r\n   at System.Threading.ExecutionContext.Run(ExecutionContext executionContext, ContextCallback callback, Object state)\r\n   at System.Threading.ThreadHelper.ThreadStart()',0,'2012-11-29 20:02:43'),(87,0,'System.Data','System.Data.ExpressionParser','Parse','Method','Syntax error: Missing operand before #And# operator.','   at System.Data.ExpressionParser.Parse()\r\n   at System.Data.DataExpression..ctor(DataTable table, String expression, Type type)\r\n   at System.Data.DataView.set_RowFilter(String value)\r\n   at System.Data.DataView.System.ComponentModel.IBindingListView.set_Filter(String value)\r\n   at System.Windows.Forms.BindingSource.set_InnerListFilter(String value)\r\n   at System.Windows.Forms.BindingSource.set_Filter(String value)\r\n   at Presentation.Emp_QuickSearchUC.filter() in C:\\Documents and Settings\\xp\\My Documents\\Projects\\Payroll System\\3 Development\\Software\\04 Dev\\01 PayrollApp_DEV\\PayrollApp_Construction\\Presentation\\Presentation\\UserControl\\Emp_QuickSearchUC.vb:line 123',0,'2012-11-29 21:09:04'),(88,0,'Presentation','Presentation.Emp_QuickSearchUC','GetExpression','Method','Object reference not set to an instance of an object.','   at Presentation.Emp_QuickSearchUC.GetExpression(String filter) in C:\\Documents and Settings\\xp\\My Documents\\Projects\\Payroll System\\3 Development\\Software\\04 Dev\\01 PayrollApp_DEV\\PayrollApp_Construction\\Presentation\\Presentation\\UserControl\\Emp_QuickSearchUC.vb:line 25\r\n   at Presentation.Emp_QuickSearchUC.filter() in C:\\Documents and Settings\\xp\\My Documents\\Projects\\Payroll System\\3 Development\\Software\\04 Dev\\01 PayrollApp_DEV\\PayrollApp_Construction\\Presentation\\Presentation\\UserControl\\Emp_QuickSearchUC.vb:line 132',0,'2012-11-29 23:08:31'),(89,0,'Presentation','Presentation.Emp_QuickSearchUC','GetExpression','Method','Object reference not set to an instance of an object.','   at Presentation.Emp_QuickSearchUC.GetExpression(String filter) in C:\\Documents and Settings\\xp\\My Documents\\Projects\\Payroll System\\3 Development\\Software\\04 Dev\\01 PayrollApp_DEV\\PayrollApp_Construction\\Presentation\\Presentation\\UserControl\\Emp_QuickSearchUC.vb:line 25\r\n   at Presentation.Emp_QuickSearchUC.filter() in C:\\Documents and Settings\\xp\\My Documents\\Projects\\Payroll System\\3 Development\\Software\\04 Dev\\01 PayrollApp_DEV\\PayrollApp_Construction\\Presentation\\Presentation\\UserControl\\Emp_QuickSearchUC.vb:line 132',0,'2012-11-29 23:10:37'),(90,0,'Presentation','Presentation.Emp_QuickSearchUC','GetExpression','Method','Object reference not set to an instance of an object.','   at Presentation.Emp_QuickSearchUC.GetExpression(String filter) in C:\\Documents and Settings\\xp\\My Documents\\Projects\\Payroll System\\3 Development\\Software\\04 Dev\\01 PayrollApp_DEV\\PayrollApp_Construction\\Presentation\\Presentation\\UserControl\\Emp_QuickSearchUC.vb:line 25\r\n   at Presentation.Emp_QuickSearchUC.filter() in C:\\Documents and Settings\\xp\\My Documents\\Projects\\Payroll System\\3 Development\\Software\\04 Dev\\01 PayrollApp_DEV\\PayrollApp_Construction\\Presentation\\Presentation\\UserControl\\Emp_QuickSearchUC.vb:line 132',0,'2012-11-29 23:12:50'),(91,0,'Presentation','Presentation.Emp_QuickSearchUC','GetExpression','Method','Object reference not set to an instance of an object.','   at Presentation.Emp_QuickSearchUC.GetExpression(String filter) in C:\\Documents and Settings\\xp\\My Documents\\Projects\\Payroll System\\3 Development\\Software\\04 Dev\\01 PayrollApp_DEV\\PayrollApp_Construction\\Presentation\\Presentation\\UserControl\\Emp_QuickSearchUC.vb:line 25\r\n   at Presentation.Emp_QuickSearchUC.filter() in C:\\Documents and Settings\\xp\\My Documents\\Projects\\Payroll System\\3 Development\\Software\\04 Dev\\01 PayrollApp_DEV\\PayrollApp_Construction\\Presentation\\Presentation\\UserControl\\Emp_QuickSearchUC.vb:line 132',0,'2012-11-29 23:13:09'),(92,0,'Presentation','Presentation.Emp_QuickSearchUC','GetExpression','Method','Object reference not set to an instance of an object.','   at Presentation.Emp_QuickSearchUC.GetExpression(String filter) in C:\\Documents and Settings\\xp\\My Documents\\Projects\\Payroll System\\3 Development\\Software\\04 Dev\\01 PayrollApp_DEV\\PayrollApp_Construction\\Presentation\\Presentation\\UserControl\\Emp_QuickSearchUC.vb:line 25\r\n   at Presentation.Emp_QuickSearchUC.filter() in C:\\Documents and Settings\\xp\\My Documents\\Projects\\Payroll System\\3 Development\\Software\\04 Dev\\01 PayrollApp_DEV\\PayrollApp_Construction\\Presentation\\Presentation\\UserControl\\Emp_QuickSearchUC.vb:line 132',0,'2012-11-29 23:14:35'),(93,0,'System.Data','System.Data.DataRowView','get_Item','Method','dateHired is neither a DataColumn nor a DataRelation for table .','   at System.Data.DataRowView.get_Item(String property)\r\n   at Presentation.frmCreatePayroll_Nav.setEmployeeInfo(DataRowView drv) in C:\\Documents and Settings\\xp\\My Documents\\Projects\\Payroll System\\3 Development\\Software\\04 Dev\\01 PayrollApp_DEV\\PayrollApp_Construction\\Presentation\\Presentation\\frmCreatePayroll_Nav.vb:line 164\r\n   at Presentation.frmCreatePayroll_Nav.employeeSelected(DataRowView drv) in C:\\Documents and Settings\\xp\\My Documents\\Projects\\Payroll System\\3 Development\\Software\\04 Dev\\01 PayrollApp_DEV\\PayrollApp_Construction\\Presentation\\Presentation\\frmCreatePayroll_Nav.vb:line 111',0,'2012-11-30 16:00:29'),(94,0,'System.Data','System.Data.DataRowView','get_Item','Method','dateHired is neither a DataColumn nor a DataRelation for table .','   at System.Data.DataRowView.get_Item(String property)\r\n   at Presentation.frmCreatePayroll_Nav.setEmployeeInfo(DataRowView drv) in C:\\Documents and Settings\\xp\\My Documents\\Projects\\Payroll System\\3 Development\\Software\\04 Dev\\01 PayrollApp_DEV\\PayrollApp_Construction\\Presentation\\Presentation\\frmCreatePayroll_Nav.vb:line 164\r\n   at Presentation.frmCreatePayroll_Nav.employeeSelected(DataRowView drv) in C:\\Documents and Settings\\xp\\My Documents\\Projects\\Payroll System\\3 Development\\Software\\04 Dev\\01 PayrollApp_DEV\\PayrollApp_Construction\\Presentation\\Presentation\\frmCreatePayroll_Nav.vb:line 111',0,'2012-11-30 16:03:13'),(95,0,'Presentation','Presentation.frmCreatePayroll_Nav','Payroll_Period_changed','Method','Object reference not set to an instance of an object.','   at Presentation.frmCreatePayroll_Nav.Payroll_Period_changed(DateTime dateFrom, DateTime dateTo, PayMethod payMethod) in C:\\Documents and Settings\\xp\\My Documents\\Projects\\Payroll System\\3 Development\\Software\\04 Dev\\01 PayrollApp_DEV\\PayrollApp_Construction\\Presentation\\Presentation\\frmCreatePayroll_Nav.vb:line 1502\r\n   at Presentation.frmCreatePayroll_Nav..ctor(DateTime dateFrom, DateTime dateTo, PayMethod payMethod) in C:\\Documents and Settings\\xp\\My Documents\\Projects\\Payroll System\\3 Development\\Software\\04 Dev\\01 PayrollApp_DEV\\PayrollApp_Construction\\Presentation\\Presentation\\frmCreatePayroll_Nav.vb:line 38\r\n   at Presentation.MainForm.showCreatePayroll_Nav(DateTime dateFrom, DateTime dateTo, PayMethod payMethod) in C:\\Documents and Settings\\xp\\My Documents\\Projects\\Payroll System\\3 Development\\Software\\04 Dev\\01 PayrollApp_DEV\\PayrollApp_Construction\\Presentation\\Presentation\\MainForm.vb:line 176\r\n   at Presentation.NavUC.createPayroll(DateTime dateFrom, DateTime dateTo, PayMethod payMethod) in C:\\Documents and Settings\\xp\\My Documents\\Projects\\Payroll System\\3 Development\\Software\\04 Dev\\01 PayrollApp_DEV\\PayrollApp_Construction\\Presentation\\Presentation\\UserControl\\NavUC.vb:line 111\r\n   at Presentation.frmPayroll_Period.btnOK_Click(Object sender, EventArgs e) in C:\\Documents and Settings\\xp\\My Documents\\Projects\\Payroll System\\3 Development\\Software\\04 Dev\\01 PayrollApp_DEV\\PayrollApp_Construction\\Presentation\\Presentation\\frmPayroll_Period.vb:line 46\r\n   at System.Windows.Forms.Control.OnClick(EventArgs e)\r\n   at System.Windows.Forms.Button.OnClick(EventArgs e)\r\n   at System.Windows.Forms.Button.OnMouseUp(MouseEventArgs mevent)\r\n   at System.Windows.Forms.Control.WmMouseUp(Message& m, MouseButtons button, Int32 clicks)\r\n   at System.Windows.Forms.Control.WndProc(Message& m)\r\n   at System.Windows.Forms.ButtonBase.WndProc(Message& m)\r\n   at System.Windows.Forms.Button.WndProc(Message& m)\r\n   at System.Windows.Forms.Control.ControlNativeWindow.OnMessage(Message& m)\r\n   at System.Windows.Forms.Control.ControlNativeWindow.WndProc(Message& m)\r\n   at System.Windows.Forms.NativeWindow.DebuggableCallback(IntPtr hWnd, Int32 msg, IntPtr wparam, IntPtr lparam)\r\n   at System.Windows.Forms.UnsafeNativeMethods.DispatchMessageW(MSG& msg)\r\n   at System.Windows.Forms.Application.ComponentManager.System.Windows.Forms.UnsafeNativeMethods.IMsoComponentManager.FPushMessageLoop(IntPtr dwComponentID, Int32 reason, Int32 pvLoopData)\r\n   at System.Windows.Forms.Application.ThreadContext.RunMessageLoopInner(Int32 reason, ApplicationContext context)\r\n   at System.Windows.Forms.Application.ThreadContext.RunMessageLoop(Int32 reason, ApplicationContext context)\r\n   at System.Windows.Forms.Application.RunDialog(Form form)\r\n   at System.Windows.Forms.Form.ShowDialog(IWin32Window owner)\r\n   at System.Windows.Forms.Form.ShowDialog()\r\n   at Presentation.NavUC.tsbtnCreatePayroll_Click(Object sender, EventArgs e) in C:\\Documents and Settings\\xp\\My Documents\\Projects\\Payroll System\\3 Development\\Software\\04 Dev\\01 PayrollApp_DEV\\PayrollApp_Construction\\Presentation\\Presentation\\UserControl\\NavUC.vb:line 101\r\n   at System.Windows.Forms.ToolStripItem.RaiseEvent(Object key, EventArgs e)\r\n   at System.Windows.Forms.ToolStripButton.OnClick(EventArgs e)\r\n   at System.Windows.Forms.ToolStripItem.HandleClick(EventArgs e)\r\n   at System.Windows.Forms.ToolStripItem.HandleMouseUp(MouseEventArgs e)\r\n   at System.Windows.Forms.ToolStripItem.FireEventInteractive(EventArgs e, ToolStripItemEventType met)\r\n   at System.Windows.Forms.ToolStripItem.FireEvent(EventArgs e, ToolStripItemEventType met)\r\n   at System.Windows.Forms.ToolStrip.OnMouseUp(MouseEventArgs mea)\r\n   at System.Windows.Forms.Control.WmMouseUp(Message& m, MouseButtons button, Int32 clicks)\r\n   at System.Windows.Forms.Control.WndProc(Message& m)\r\n   at System.Windows.Forms.ScrollableControl.WndProc(Message& m)\r\n   at System.Windows.Forms.ToolStrip.WndProc(Message& m)\r\n   at System.Windows.Forms.Control.ControlNativeWindow.OnMessage(Message& m)\r\n   at System.Windows.Forms.Control.ControlNativeWindow.WndProc(Message& m)\r\n   at System.Windows.Forms.NativeWindow.DebuggableCallback(IntPtr hWnd, Int32 msg, IntPtr wparam, IntPtr lparam)\r\n   at System.Windows.Forms.UnsafeNativeMethods.DispatchMessageW(MSG& msg)\r\n   at System.Windows.Forms.Application.ComponentManager.System.Windows.Forms.UnsafeNativeMethods.IMsoComponentManager.FPushMessageLoop(IntPtr dwComponentID, Int32 reason, Int32 pvLoopData)\r\n   at System.Windows.Forms.Application.ThreadContext.RunMessageLoopInner(Int32 reason, ApplicationContext context)\r\n   at System.Windows.Forms.Application.ThreadContext.RunMessageLoop(Int32 reason, ApplicationContext context)\r\n   at System.Windows.Forms.Application.Run(ApplicationContext context)\r\n   at Microsoft.VisualBasic.ApplicationServices.WindowsFormsApplicationBase.OnRun()\r\n   at Microsoft.VisualBasic.ApplicationServices.WindowsFormsApplicationBase.DoApplicationModel()\r\n   at Microsoft.VisualBasic.ApplicationServices.WindowsFormsApplicationBase.Run(String[] commandLine)\r\n   at Presentation.My.MyApplication.Main(String[] Args) in 17d14f5c-a337-4978-8281-53493378c1071.vb:line 81\r\n   at System.AppDomain._nExecuteAssembly(RuntimeAssembly assembly, String[] args)\r\n   at System.AppDomain.ExecuteAssembly(String assemblyFile, Evidence assemblySecurity, String[] args)\r\n   at Microsoft.VisualStudio.HostingProcess.HostProc.RunUsersAssembly()\r\n   at System.Threading.ThreadHelper.ThreadStart_Context(Object state)\r\n   at System.Threading.ExecutionContext.Run(ExecutionContext executionContext, ContextCallback callback, Object state, Boolean ignoreSyncCtx)\r\n   at System.Threading.ExecutionContext.Run(ExecutionContext executionContext, ContextCallback callback, Object state)\r\n   at System.Threading.ThreadHelper.ThreadStart()',0,'2012-11-30 16:26:54'),(96,1062,'MySql.Data','MySql.Data.MySqlClient.MySqlStream','ReadPacket','Method','Duplicate entry #13-1-1-1# for key #unique_per_employee#','   at MySql.Data.MySqlClient.MySqlStream.ReadPacket()\r\n   at MySql.Data.MySqlClient.NativeDriver.GetResult(Int32& affectedRow, Int32& insertedId)\r\n   at MySql.Data.MySqlClient.Driver.GetResult(Int32 statementId, Int32& affectedRows, Int32& insertedId)\r\n   at MySql.Data.MySqlClient.Driver.NextResult(Int32 statementId)\r\n   at MySql.Data.MySqlClient.MySqlDataReader.NextResult()\r\n   at MySql.Data.MySqlClient.MySqlCommand.ExecuteReader(CommandBehavior behavior)\r\n   at MySql.Data.MySqlClient.MySqlCommand.ExecuteNonQuery()\r\n   at DataAccess.Project_DAO.add(IProject project) in C:\\Documents and Settings\\xp\\My Documents\\Projects\\Payroll System\\3 Development\\Software\\04 Dev\\01 PayrollApp_DEV\\PayrollApp_Construction\\DataAccess\\Project_DAO.vb:line 54',0,'2012-11-30 16:53:30'),(97,1062,'MySql.Data','MySql.Data.MySqlClient.MySqlStream','ReadPacket','Method','Duplicate entry #13-1-1-1# for key #unique_per_employee#','   at MySql.Data.MySqlClient.MySqlStream.ReadPacket()\r\n   at MySql.Data.MySqlClient.NativeDriver.GetResult(Int32& affectedRow, Int32& insertedId)\r\n   at MySql.Data.MySqlClient.Driver.GetResult(Int32 statementId, Int32& affectedRows, Int32& insertedId)\r\n   at MySql.Data.MySqlClient.Driver.NextResult(Int32 statementId)\r\n   at MySql.Data.MySqlClient.MySqlDataReader.NextResult()\r\n   at MySql.Data.MySqlClient.MySqlCommand.ExecuteReader(CommandBehavior behavior)\r\n   at MySql.Data.MySqlClient.MySqlCommand.ExecuteNonQuery()\r\n   at DataAccess.Project_DAO.add(IProject project) in C:\\Documents and Settings\\xp\\My Documents\\Projects\\Payroll System\\3 Development\\Software\\04 Dev\\01 PayrollApp_DEV\\PayrollApp_Construction\\DataAccess\\Project_DAO.vb:line 54',0,'2012-11-30 16:54:02'),(98,1062,'MySql.Data','MySql.Data.MySqlClient.MySqlStream','ReadPacket','Method','Duplicate entry #13-1-1-1# for key #unique_per_employee#','   at MySql.Data.MySqlClient.MySqlStream.ReadPacket()\r\n   at MySql.Data.MySqlClient.NativeDriver.GetResult(Int32& affectedRow, Int32& insertedId)\r\n   at MySql.Data.MySqlClient.Driver.GetResult(Int32 statementId, Int32& affectedRows, Int32& insertedId)\r\n   at MySql.Data.MySqlClient.Driver.NextResult(Int32 statementId)\r\n   at MySql.Data.MySqlClient.MySqlDataReader.NextResult()\r\n   at MySql.Data.MySqlClient.MySqlCommand.ExecuteReader(CommandBehavior behavior)\r\n   at MySql.Data.MySqlClient.MySqlCommand.ExecuteNonQuery()\r\n   at DataAccess.Project_DAO.add(IProject project) in C:\\Documents and Settings\\xp\\My Documents\\Projects\\Payroll System\\3 Development\\Software\\04 Dev\\01 PayrollApp_DEV\\PayrollApp_Construction\\DataAccess\\Project_DAO.vb:line 54',0,'2012-11-30 18:18:49'),(99,1062,'MySql.Data','MySql.Data.MySqlClient.MySqlStream','ReadPacket','Method','Duplicate entry #13-2012-11-26-2012-11-30# for key #unique_employee_per_period#','   at MySql.Data.MySqlClient.MySqlStream.ReadPacket()\r\n   at MySql.Data.MySqlClient.NativeDriver.GetResult(Int32& affectedRow, Int32& insertedId)\r\n   at MySql.Data.MySqlClient.Driver.GetResult(Int32 statementId, Int32& affectedRows, Int32& insertedId)\r\n   at MySql.Data.MySqlClient.Driver.NextResult(Int32 statementId)\r\n   at MySql.Data.MySqlClient.MySqlDataReader.NextResult()\r\n   at MySql.Data.MySqlClient.MySqlCommand.ExecuteReader(CommandBehavior behavior)\r\n   at MySql.Data.MySqlClient.MySqlCommand.ExecuteNonQuery()\r\n   at DataAccess.Payroll_DAO.add(IPayroll payroll, UInt32[] project_IDs) in C:\\Documents and Settings\\xp\\My Documents\\Projects\\Payroll System\\3 Development\\Software\\04 Dev\\01 PayrollApp_DEV\\PayrollApp_Construction\\DataAccess\\Payroll_DAO.vb:line 88',0,'2012-11-30 20:21:46'),(100,1062,'MySql.Data','MySql.Data.MySqlClient.MySqlStream','ReadPacket','Method','Duplicate entry #13-2012-11-26-2012-11-30# for key #unique_employee_per_period#','   at MySql.Data.MySqlClient.MySqlStream.ReadPacket()\r\n   at MySql.Data.MySqlClient.NativeDriver.GetResult(Int32& affectedRow, Int32& insertedId)\r\n   at MySql.Data.MySqlClient.Driver.GetResult(Int32 statementId, Int32& affectedRows, Int32& insertedId)\r\n   at MySql.Data.MySqlClient.Driver.NextResult(Int32 statementId)\r\n   at MySql.Data.MySqlClient.MySqlDataReader.NextResult()\r\n   at MySql.Data.MySqlClient.MySqlCommand.ExecuteReader(CommandBehavior behavior)\r\n   at MySql.Data.MySqlClient.MySqlCommand.ExecuteNonQuery()\r\n   at DataAccess.Payroll_DAO.add(IPayroll payroll, UInt32[] project_IDs) in C:\\Documents and Settings\\xp\\My Documents\\Projects\\Payroll System\\3 Development\\Software\\04 Dev\\01 PayrollApp_DEV\\PayrollApp_Construction\\DataAccess\\Payroll_DAO.vb:line 88',0,'2012-11-30 20:21:53'),(101,0,'CrystalDecisions.Windows.Forms','CrystalDecisions.Windows.Forms.PageControl','OnMouseMove','Method','Object reference not set to an instance of an object.','   at CrystalDecisions.Windows.Forms.PageControl.OnMouseMove(MouseEventArgs e)\r\n   at System.Windows.Forms.Control.WmMouseMove(Message& m)\r\n   at System.Windows.Forms.Control.WndProc(Message& m)\r\n   at System.Windows.Forms.ScrollableControl.WndProc(Message& m)\r\n   at System.Windows.Forms.UserControl.WndProc(Message& m)\r\n   at CrystalDecisions.Windows.Forms.PageControl.WndProc(Message& m)\r\n   at System.Windows.Forms.Control.ControlNativeWindow.OnMessage(Message& m)\r\n   at System.Windows.Forms.Control.ControlNativeWindow.WndProc(Message& m)\r\n   at System.Windows.Forms.NativeWindow.DebuggableCallback(IntPtr hWnd, Int32 msg, IntPtr wparam, IntPtr lparam)\r\n   at System.Windows.Forms.UnsafeNativeMethods.DispatchMessageW(MSG& msg)\r\n   at System.Windows.Forms.Application.ComponentManager.System.Windows.Forms.UnsafeNativeMethods.IMsoComponentManager.FPushMessageLoop(IntPtr dwComponentID, Int32 reason, Int32 pvLoopData)\r\n   at System.Windows.Forms.Application.ThreadContext.RunMessageLoopInner(Int32 reason, ApplicationContext context)\r\n   at System.Windows.Forms.Application.ThreadContext.RunMessageLoop(Int32 reason, ApplicationContext context)\r\n   at System.Windows.Forms.Application.RunDialog(Form form)\r\n   at System.Windows.Forms.Form.ShowDialog(IWin32Window owner)\r\n   at System.Windows.Forms.Form.ShowDialog()\r\n   at Presentation.frmPayrollReport.showReport(Reports report) in C:\\Documents and Settings\\xp\\My Documents\\Projects\\Payroll System\\3 Development\\Software\\04 Dev\\01 PayrollApp_DEV\\PayrollApp_Construction\\Presentation\\Presentation\\frmPayrollReport.vb:line 107\r\n   at Presentation.frmReport_Period.btnPreview_Click(Object sender, EventArgs e) in C:\\Documents and Settings\\xp\\My Documents\\Projects\\Payroll System\\3 Development\\Software\\04 Dev\\01 PayrollApp_DEV\\PayrollApp_Construction\\Presentation\\Presentation\\frmReport_Period.vb:line 24\r\n   at System.Windows.Forms.Control.OnClick(EventArgs e)\r\n   at System.Windows.Forms.Button.OnClick(EventArgs e)\r\n   at System.Windows.Forms.Button.OnMouseUp(MouseEventArgs mevent)\r\n   at System.Windows.Forms.Control.WmMouseUp(Message& m, MouseButtons button, Int32 clicks)\r\n   at System.Windows.Forms.Control.WndProc(Message& m)\r\n   at System.Windows.Forms.ButtonBase.WndProc(Message& m)\r\n   at System.Windows.Forms.Button.WndProc(Message& m)\r\n   at System.Windows.Forms.Control.ControlNativeWindow.OnMessage(Message& m)\r\n   at System.Windows.Forms.Control.ControlNativeWindow.WndProc(Message& m)\r\n   at System.Windows.Forms.NativeWindow.DebuggableCallback(IntPtr hWnd, Int32 msg, IntPtr wparam, IntPtr lparam)\r\n   at System.Windows.Forms.UnsafeNativeMethods.DispatchMessageW(MSG& msg)\r\n   at System.Windows.Forms.Application.ComponentManager.System.Windows.Forms.UnsafeNativeMethods.IMsoComponentManager.FPushMessageLoop(IntPtr dwComponentID, Int32 reason, Int32 pvLoopData)\r\n   at System.Windows.Forms.Application.ThreadContext.RunMessageLoopInner(Int32 reason, ApplicationContext context)\r\n   at System.Windows.Forms.Application.ThreadContext.RunMessageLoop(Int32 reason, ApplicationContext context)\r\n   at System.Windows.Forms.Application.RunDialog(Form form)\r\n   at System.Windows.Forms.Form.ShowDialog(IWin32Window owner)\r\n   at System.Windows.Forms.Form.ShowDialog()\r\n   at Presentation.frmPayrollReport.btnConsolePayrollReg_Click(Object sender, EventArgs e) in C:\\Documents and Settings\\xp\\My Documents\\Projects\\Payroll System\\3 Development\\Software\\04 Dev\\01 PayrollApp_DEV\\PayrollApp_Construction\\Presentation\\Presentation\\frmPayrollReport.vb:line 98\r\n   at System.Windows.Forms.Control.OnClick(EventArgs e)\r\n   at System.Windows.Forms.Button.OnClick(EventArgs e)\r\n   at System.Windows.Forms.Button.OnMouseUp(MouseEventArgs mevent)\r\n   at System.Windows.Forms.Control.WmMouseUp(Message& m, MouseButtons button, Int32 clicks)\r\n   at System.Windows.Forms.Control.WndProc(Message& m)\r\n   at System.Windows.Forms.ButtonBase.WndProc(Message& m)\r\n   at System.Windows.Forms.Button.WndProc(Message& m)\r\n   at System.Windows.Forms.Control.ControlNativeWindow.OnMessage(Message& m)\r\n   at System.Windows.Forms.Control.ControlNativeWindow.WndProc(Message& m)\r\n   at System.Windows.Forms.NativeWindow.DebuggableCallback(IntPtr hWnd, Int32 msg, IntPtr wparam, IntPtr lparam)\r\n   at System.Windows.Forms.UnsafeNativeMethods.DispatchMessageW(MSG& msg)\r\n   at System.Windows.Forms.Application.ComponentManager.System.Windows.Forms.UnsafeNativeMethods.IMsoComponentManager.FPushMessageLoop(IntPtr dwComponentID, Int32 reason, Int32 pvLoopData)\r\n   at System.Windows.Forms.Application.ThreadContext.RunMessageLoopInner(Int32 reason, ApplicationContext context)\r\n   at System.Windows.Forms.Application.ThreadContext.RunMessageLoop(Int32 reason, ApplicationContext context)\r\n   at System.Windows.Forms.Application.Run(ApplicationContext context)\r\n   at Microsoft.VisualBasic.ApplicationServices.WindowsFormsApplicationBase.OnRun()\r\n   at Microsoft.VisualBasic.ApplicationServices.WindowsFormsApplicationBase.DoApplicationModel()\r\n   at Microsoft.VisualBasic.ApplicationServices.WindowsFormsApplicationBase.Run(String[] commandLine)\r\n   at Presentation.My.MyApplication.Main(String[] Args) in 17d14f5c-a337-4978-8281-53493378c1071.vb:line 81\r\n   at System.AppDomain._nExecuteAssembly(RuntimeAssembly assembly, String[] args)\r\n   at System.AppDomain.ExecuteAssembly(String assemblyFile, Evidence assemblySecurity, String[] args)\r\n   at Microsoft.VisualStudio.HostingProcess.HostProc.RunUsersAssembly()\r\n   at System.Threading.ThreadHelper.ThreadStart_Context(Object state)\r\n   at System.Threading.ExecutionContext.Run(ExecutionContext executionContext, ContextCallback callback, Object state, Boolean ignoreSyncCtx)\r\n   at System.Threading.ExecutionContext.Run(ExecutionContext executionContext, ContextCallback callback, Object state)\r\n   at System.Threading.ThreadHelper.ThreadStart()',0,'2012-11-30 22:02:47');
/*!40000 ALTER TABLE `tblexceptionlog` ENABLE KEYS */;
UNLOCK TABLES;

--
-- Table structure for table `tbllog`
--

DROP TABLE IF EXISTS `tbllog`;
/*!40101 SET @saved_cs_client     = @@character_set_client */;
/*!40101 SET character_set_client = utf8 */;
CREATE TABLE `tbllog` (
  `ID` int(10) unsigned NOT NULL AUTO_INCREMENT,
  `code` mediumint(8) unsigned NOT NULL DEFAULT '0',
  `message` mediumtext NOT NULL,
  `stackTrace` longtext NOT NULL,
  `user_ID` int(10) unsigned NOT NULL,
  `dateCreated` datetime NOT NULL,
  PRIMARY KEY (`ID`)
) ENGINE=InnoDB AUTO_INCREMENT=3 DEFAULT CHARSET=latin1;
/*!40101 SET character_set_client = @saved_cs_client */;

--
-- Dumping data for table `tbllog`
--

LOCK TABLES `tbllog` WRITE;
/*!40000 ALTER TABLE `tbllog` DISABLE KEYS */;
INSERT INTO `tbllog` VALUES (1,5001,'Login attempt\r\nUsername : admin\r\nPassword : one','',0,'2012-11-28 13:19:00'),(2,5001,'Login attempt\r\nUsername : firstUser\r\nPassword : twofirst','',0,'2012-11-28 19:59:39');
/*!40000 ALTER TABLE `tbllog` ENABLE KEYS */;
UNLOCK TABLES;

--
-- Table structure for table `tblotherdeduction`
--

DROP TABLE IF EXISTS `tblotherdeduction`;
/*!40101 SET @saved_cs_client     = @@character_set_client */;
/*!40101 SET character_set_client = utf8 */;
CREATE TABLE `tblotherdeduction` (
  `ID` int(10) unsigned NOT NULL AUTO_INCREMENT,
  `empNum` int(10) unsigned NOT NULL,
  `payrollNum` int(10) unsigned DEFAULT NULL,
  `deductTypeCode` smallint(5) unsigned NOT NULL,
  `specify` varchar(30) DEFAULT NULL,
  `amount` decimal(10,2) NOT NULL,
  `remark` varchar(100) DEFAULT NULL,
  `isSettled` tinyint(1) unsigned NOT NULL DEFAULT '0',
  `dateSettled` date DEFAULT NULL,
  `settledBy` int(10) unsigned DEFAULT NULL,
  `dateCreated` date NOT NULL,
  `lastModified` timestamp NOT NULL DEFAULT CURRENT_TIMESTAMP ON UPDATE CURRENT_TIMESTAMP,
  `lastModifiedBy` int(10) unsigned NOT NULL,
  PRIMARY KEY (`ID`),
  KEY `fk_tblOtherDeduction_tblDeductionType1` (`deductTypeCode`),
  KEY `fk_tblOtherDeduction_tblPayroll1` (`payrollNum`),
  KEY `fk_tblotherdeduction_tbluser1` (`lastModifiedBy`),
  KEY `fk_tblotherdeduction_tbluser2` (`settledBy`),
  KEY `fk_tblotherdeduction_tblemployee1` (`empNum`),
  CONSTRAINT `fk_tblotherdeduction_tbldeductiontype1` FOREIGN KEY (`deductTypeCode`) REFERENCES `tbldeductiontype` (`deductTypeCode`) ON DELETE NO ACTION ON UPDATE CASCADE,
  CONSTRAINT `fk_tblotherdeduction_tblemployee1` FOREIGN KEY (`empNum`) REFERENCES `tblemployee` (`empNum`) ON DELETE CASCADE ON UPDATE CASCADE,
  CONSTRAINT `fk_tblotherdeduction_tblpayroll1` FOREIGN KEY (`payrollNum`) REFERENCES `tblpayroll` (`payrollNum`) ON DELETE NO ACTION ON UPDATE CASCADE,
  CONSTRAINT `fk_tblotherdeduction_tbluser1` FOREIGN KEY (`lastModifiedBy`) REFERENCES `tbluser` (`user_ID`) ON DELETE NO ACTION ON UPDATE CASCADE,
  CONSTRAINT `fk_tblotherdeduction_tbluser2` FOREIGN KEY (`settledBy`) REFERENCES `tbluser` (`user_ID`) ON DELETE NO ACTION ON UPDATE CASCADE
) ENGINE=InnoDB AUTO_INCREMENT=3 DEFAULT CHARSET=latin1;
/*!40101 SET character_set_client = @saved_cs_client */;

--
-- Dumping data for table `tblotherdeduction`
--

LOCK TABLES `tblotherdeduction` WRITE;
/*!40000 ALTER TABLE `tblotherdeduction` DISABLE KEYS */;
INSERT INTO `tblotherdeduction` VALUES (1,16,11,1,'','50.00','',1,'2012-11-30',3,'2012-11-30','2012-12-01 03:09:13',3),(2,21,14,1,'','50.00','',1,'2012-11-30',3,'2012-11-30','2012-12-01 03:10:26',3);
/*!40000 ALTER TABLE `tblotherdeduction` ENABLE KEYS */;
UNLOCK TABLES;

--
-- Table structure for table `tblpayroll`
--

DROP TABLE IF EXISTS `tblpayroll`;
/*!40101 SET @saved_cs_client     = @@character_set_client */;
/*!40101 SET character_set_client = utf8 */;
CREATE TABLE `tblpayroll` (
  `payrollNum` int(10) unsigned NOT NULL AUTO_INCREMENT,
  `empNum` int(10) unsigned NOT NULL,
  `payFrom` date NOT NULL,
  `payTo` date NOT NULL,
  `civilStat` enum('Single','Married','Separated','Widow','Widower') NOT NULL,
  `numOfDependent` smallint(5) unsigned NOT NULL DEFAULT '0',
  `tp_status` enum('Z','S','ME','S1','S2','S3','S4','ME1','ME2','ME3','ME4') NOT NULL,
  `payMethod` enum('Weekly','Semi') NOT NULL,
  `philHealth` decimal(10,2) NOT NULL,
  `basicRate` decimal(10,2) NOT NULL,
  `regOT_rate` decimal(5,2) NOT NULL,
  `sunOT_rate` decimal(5,2) NOT NULL,
  `holOT_rate` decimal(5,2) NOT NULL,
  `wTax` decimal(10,2) NOT NULL,
  `SSS` decimal(10,2) NOT NULL,
  `PAGIBIG` decimal(10,2) NOT NULL,
  `SSS_loan` decimal(10,2) NOT NULL,
  `personalLoan` decimal(10,2) NOT NULL,
  `grossPay` decimal(10,2) NOT NULL,
  `netPay` decimal(10,2) NOT NULL,
  `dateCreated` date NOT NULL,
  `createdBy` int(10) unsigned NOT NULL,
  `isReversed` tinyint(1) unsigned NOT NULL DEFAULT '0',
  `reversedDate` date DEFAULT NULL,
  `reversedBy` int(10) unsigned DEFAULT NULL,
  `refund` decimal(10,2) NOT NULL DEFAULT '0.00',
  PRIMARY KEY (`payrollNum`),
  KEY `fk_tblpayroll_tbluser1` (`reversedBy`),
  KEY `fk_tblpayroll_tbluser2` (`createdBy`),
  KEY `fk_tblpayroll_tblemployee1` (`empNum`),
  CONSTRAINT `fk_tblpayroll_tblemployee1` FOREIGN KEY (`empNum`) REFERENCES `tblemployee` (`empNum`) ON DELETE NO ACTION ON UPDATE CASCADE,
  CONSTRAINT `fk_tblpayroll_tbluser1` FOREIGN KEY (`reversedBy`) REFERENCES `tbluser` (`user_ID`) ON DELETE NO ACTION ON UPDATE CASCADE,
  CONSTRAINT `fk_tblpayroll_tbluser2` FOREIGN KEY (`createdBy`) REFERENCES `tbluser` (`user_ID`) ON DELETE NO ACTION ON UPDATE CASCADE
) ENGINE=InnoDB AUTO_INCREMENT=16 DEFAULT CHARSET=latin1;
/*!40101 SET character_set_client = @saved_cs_client */;

--
-- Dumping data for table `tblpayroll`
--

LOCK TABLES `tblpayroll` WRITE;
/*!40000 ALTER TABLE `tblpayroll` DISABLE KEYS */;
INSERT INTO `tblpayroll` VALUES (1,13,'2012-11-26','2012-11-30','Married',3,'ME3','Weekly','50.00','480.00','1.25','1.50','2.00','17.26','100.00','57.60','0.00','0.00','3012.00','2987.14','2012-11-30',1,1,'2012-11-30',1,'0.00'),(2,14,'2012-11-26','2012-11-30','Single',0,'S','Weekly','50.00','500.00','1.25','1.50','2.00','365.20','83.30','50.00','0.00','0.00','3610.00','3061.50','2012-11-30',1,0,NULL,NULL,'0.00'),(5,13,'2012-11-26','2012-11-30','Married',3,'ME3','Weekly','50.00','480.00','1.25','1.50','2.00','17.26','100.00','57.60','0.00','0.00','3012.00','2787.14','2012-11-30',3,1,'2012-11-30',1,'0.00'),(6,13,'2012-11-26','2012-11-30','Married',3,'ME3','Weekly','50.00','480.00','1.25','1.50','2.00','17.26','100.00','57.60','0.00','0.00','3012.00','2787.14','2012-11-30',1,0,NULL,NULL,'0.00'),(7,15,'2012-11-26','2012-11-30','Married',2,'ME2','Weekly','50.00','450.00','1.25','1.50','2.00','59.77','83.30','45.00','0.00','0.00','2866.25','2628.18','2012-11-30',1,0,NULL,NULL,'0.00'),(8,17,'2012-11-26','2012-11-30','Widower',4,'S4','Weekly','50.00','480.00','1.25','1.50','2.00','0.00','83.30','48.00','200.00','100.00','3170.00','2688.70','2012-11-30',1,0,NULL,NULL,'0.00'),(9,19,'2012-11-26','2012-11-30','Single',0,'S','Weekly','50.00','520.00','1.25','1.50','2.00','184.80','83.30','52.00','0.00','0.00','2710.00','2339.90','2012-11-30',1,0,NULL,NULL,'0.00'),(10,23,'2012-11-26','2012-11-30','Single',0,'S','Weekly','50.00','500.00','1.25','1.50','2.00','333.95','83.30','50.00','0.00','0.00','3453.75','2936.50','2012-11-30',1,0,NULL,NULL,'0.00'),(11,16,'2012-11-19','2012-11-30','Single',0,'S','Semi','62.50','520.00','1.25','1.50','2.00','608.37','175.00','104.00','200.00','100.00','6882.50','5582.63','2012-11-30',3,0,NULL,NULL,'0.00'),(12,18,'2012-11-19','2012-11-30','Separated',3,'S3','Semi','68.75','550.00','1.25','1.50','2.00','0.00','183.35','110.00','0.00','0.00','5720.00','5357.90','2012-11-30',3,0,NULL,NULL,'0.00'),(13,20,'2012-11-19','2012-11-30','Married',1,'ME1','Semi','56.25','480.00','1.25','1.50','2.00','166.33','158.35','96.00','0.00','0.00','5320.00','4843.07','2012-11-30',3,0,NULL,NULL,'0.00'),(14,21,'2012-11-19','2012-11-30','Single',0,'S','Semi','56.25','520.00','1.25','1.50','2.00','310.99','158.35','93.60','0.00','0.00','5268.00','4598.81','2012-11-30',3,0,NULL,NULL,'0.00'),(15,22,'2012-11-19','2012-11-30','Widower',5,'S4','Semi','62.50','520.00','1.25','1.50','2.00','0.00','175.00','104.00','0.00','0.00','5420.00','5078.50','2012-11-30',3,0,NULL,NULL,'0.00');
/*!40000 ALTER TABLE `tblpayroll` ENABLE KEYS */;
UNLOCK TABLES;

--
-- Table structure for table `tblposition`
--

DROP TABLE IF EXISTS `tblposition`;
/*!40101 SET @saved_cs_client     = @@character_set_client */;
/*!40101 SET character_set_client = utf8 */;
CREATE TABLE `tblposition` (
  `position_ID` smallint(5) unsigned NOT NULL AUTO_INCREMENT,
  `name` varchar(30) NOT NULL,
  `enable` tinyint(1) unsigned NOT NULL DEFAULT '1',
  `dateCreated` date NOT NULL,
  `lastModified` timestamp NOT NULL DEFAULT CURRENT_TIMESTAMP,
  `lastModifiedBy` int(10) unsigned NOT NULL DEFAULT '0',
  PRIMARY KEY (`position_ID`),
  UNIQUE KEY `name_UNIQUE` (`name`),
  KEY `fk_tblposition_tbluser1` (`lastModifiedBy`),
  CONSTRAINT `fk_tblposition_tbluser1` FOREIGN KEY (`lastModifiedBy`) REFERENCES `tbluser` (`user_ID`) ON DELETE NO ACTION ON UPDATE CASCADE
) ENGINE=InnoDB AUTO_INCREMENT=8 DEFAULT CHARSET=latin1;
/*!40101 SET character_set_client = @saved_cs_client */;

--
-- Dumping data for table `tblposition`
--

LOCK TABLES `tblposition` WRITE;
/*!40000 ALTER TABLE `tblposition` DISABLE KEYS */;
INSERT INTO `tblposition` VALUES (1,'Mason',1,'2012-11-28','2012-11-28 19:54:46',3),(2,'Staff',1,'2012-11-28','2012-11-28 22:07:55',3),(3,'Utility',1,'2012-11-28','2012-11-28 22:08:01',3),(4,'Carpenter',1,'2012-11-28','2012-11-28 22:09:44',3),(5,'Labor',1,'2012-11-28','2012-11-28 22:09:58',3),(6,'Painter',1,'2012-11-28','2012-11-28 22:12:28',3),(7,'Steel Works',1,'2012-11-28','2012-11-28 22:13:11',3);
/*!40000 ALTER TABLE `tblposition` ENABLE KEYS */;
UNLOCK TABLES;

--
-- Table structure for table `tblproject`
--

DROP TABLE IF EXISTS `tblproject`;
/*!40101 SET @saved_cs_client     = @@character_set_client */;
/*!40101 SET character_set_client = utf8 */;
CREATE TABLE `tblproject` (
  `proj_ID` smallint(5) unsigned NOT NULL AUTO_INCREMENT,
  `name` varchar(30) NOT NULL,
  `enable` tinyint(1) unsigned NOT NULL DEFAULT '1',
  `dateCreated` date NOT NULL,
  `lastModified` timestamp NOT NULL DEFAULT CURRENT_TIMESTAMP,
  `lastModifiedBy` int(10) unsigned NOT NULL DEFAULT '0',
  PRIMARY KEY (`proj_ID`),
  UNIQUE KEY `name_UNIQUE` (`name`),
  KEY `fk_tbldeductiontype_tbluser1` (`lastModifiedBy`),
  CONSTRAINT `fk_tbldeductiontype_tbluser10` FOREIGN KEY (`lastModifiedBy`) REFERENCES `tbluser` (`user_ID`) ON DELETE NO ACTION ON UPDATE CASCADE
) ENGINE=InnoDB AUTO_INCREMENT=7 DEFAULT CHARSET=latin1;
/*!40101 SET character_set_client = @saved_cs_client */;

--
-- Dumping data for table `tblproject`
--

LOCK TABLES `tblproject` WRITE;
/*!40000 ALTER TABLE `tblproject` DISABLE KEYS */;
INSERT INTO `tblproject` VALUES (1,'La Salle',1,'2012-11-28','2012-11-28 19:54:38',1),(2,'Waltermart',1,'2012-11-28','2012-11-28 22:06:34',3),(3,'UST',1,'2012-11-28','2012-11-28 22:06:38',3),(4,'Main Office',1,'2012-11-28','2012-11-28 22:06:59',3),(5,'Azalea',1,'2012-11-28','2012-11-28 22:07:17',3),(6,'Amisa',1,'2012-11-28','2012-11-28 22:07:19',3);
/*!40000 ALTER TABLE `tblproject` ENABLE KEYS */;
UNLOCK TABLES;

--
-- Table structure for table `tblproject_processed`
--

DROP TABLE IF EXISTS `tblproject_processed`;
/*!40101 SET @saved_cs_client     = @@character_set_client */;
/*!40101 SET character_set_client = utf8 */;
CREATE TABLE `tblproject_processed` (
  `project_ID` int(10) unsigned NOT NULL,
  `empNum` int(10) unsigned NOT NULL,
  `payrollNum` int(10) unsigned DEFAULT NULL,
  `proj_ID` smallint(5) unsigned NOT NULL,
  `position_ID` smallint(5) unsigned NOT NULL,
  `div_ID` smallint(5) unsigned NOT NULL,
  `workdays` int(10) unsigned NOT NULL DEFAULT '0',
  `regOT_hrs` int(10) unsigned NOT NULL DEFAULT '0',
  `sunOT_hrs` int(10) unsigned NOT NULL DEFAULT '0',
  `holOT_hrs` int(10) unsigned NOT NULL DEFAULT '0',
  `dateCreated` date NOT NULL,
  `lastModified` timestamp NOT NULL DEFAULT CURRENT_TIMESTAMP ON UPDATE CURRENT_TIMESTAMP,
  `lastModifiedBy` int(11) unsigned NOT NULL,
  `isHead` tinyint(1) unsigned NOT NULL DEFAULT '0',
  KEY `fk_tblProject_Processed_tblPosition1` (`position_ID`),
  KEY `fk_tblProject_Processed_tblDivision1` (`div_ID`),
  KEY `fk_tblProject_Processed_tblEmployee1` (`empNum`),
  KEY `fk_tblProject_Processed_tblPayroll1` (`payrollNum`),
  KEY `fk_tblproject_processed_tbluser1` (`lastModifiedBy`),
  KEY `fk_tblproject_processed_tblproject1` (`proj_ID`),
  CONSTRAINT `fk_tblproject_processed_tbldivision1` FOREIGN KEY (`div_ID`) REFERENCES `tbldivision` (`div_ID`) ON DELETE NO ACTION ON UPDATE CASCADE,
  CONSTRAINT `fk_tblproject_processed_tblemployee1` FOREIGN KEY (`empNum`) REFERENCES `tblemployee` (`empNum`) ON DELETE NO ACTION ON UPDATE CASCADE,
  CONSTRAINT `fk_tblproject_processed_tblpayroll1` FOREIGN KEY (`payrollNum`) REFERENCES `tblpayroll` (`payrollNum`) ON DELETE NO ACTION ON UPDATE CASCADE,
  CONSTRAINT `fk_tblproject_processed_tblposition1` FOREIGN KEY (`position_ID`) REFERENCES `tblposition` (`position_ID`) ON DELETE NO ACTION ON UPDATE CASCADE,
  CONSTRAINT `fk_tblproject_processed_tblproject1` FOREIGN KEY (`proj_ID`) REFERENCES `tblproject` (`proj_ID`) ON DELETE NO ACTION ON UPDATE CASCADE,
  CONSTRAINT `fk_tblproject_processed_tbluser1` FOREIGN KEY (`lastModifiedBy`) REFERENCES `tbluser` (`user_ID`) ON DELETE NO ACTION ON UPDATE CASCADE
) ENGINE=InnoDB DEFAULT CHARSET=latin1;
/*!40101 SET character_set_client = @saved_cs_client */;

--
-- Dumping data for table `tblproject_processed`
--

LOCK TABLES `tblproject_processed` WRITE;
/*!40000 ALTER TABLE `tblproject_processed` DISABLE KEYS */;
INSERT INTO `tblproject_processed` VALUES (11,13,1,1,1,1,3,0,0,0,'2012-11-29','2012-12-01 01:49:48',3,0),(3,13,1,3,1,1,3,0,0,0,'2012-11-28','2012-12-01 01:49:48',3,1),(4,14,2,3,1,1,3,4,4,0,'2012-11-28','2012-12-01 02:17:33',3,1),(9,14,2,3,5,1,2,4,0,0,'2012-11-28','2012-12-01 02:17:33',3,0),(11,13,5,1,1,1,3,0,0,0,'2012-11-29','2012-12-01 03:00:38',1,0),(3,13,5,3,1,1,3,0,0,0,'2012-11-28','2012-12-01 03:00:38',1,1),(11,13,6,1,1,1,3,0,0,0,'2012-11-29','2012-12-01 03:02:59',1,0),(3,13,6,3,1,1,3,0,0,0,'2012-11-28','2012-12-01 03:02:59',1,1),(5,15,7,3,4,1,5,0,6,0,'2012-11-28','2012-12-01 03:03:14',3,1),(6,17,8,5,5,1,5,4,4,0,'2012-11-28','2012-12-01 03:03:28',3,1),(7,19,9,6,5,1,5,0,0,0,'2012-11-28','2012-12-01 03:03:48',3,1),(8,23,10,2,4,1,5,6,4,0,'2012-11-28','2012-12-01 03:04:00',3,1),(10,16,11,1,7,1,10,18,0,0,'2012-11-28','2012-12-01 03:09:13',3,1),(16,18,12,2,3,1,5,0,0,0,'2012-11-30','2012-12-01 03:10:11',3,0),(17,18,12,4,2,1,5,0,0,0,'2012-11-30','2012-12-01 03:10:11',3,1),(18,20,13,2,1,1,5,0,0,0,'2012-11-30','2012-12-01 03:10:18',3,0),(19,20,13,2,2,1,5,4,0,0,'2012-11-30','2012-12-01 03:10:18',3,1),(20,21,14,5,1,1,5,0,4,0,'2012-11-30','2012-12-01 03:10:26',3,0),(21,21,14,6,1,1,4,0,0,0,'2012-11-30','2012-12-01 03:10:26',3,1),(22,22,15,1,1,1,10,0,0,0,'2012-11-30','2012-12-01 03:10:30',3,1);
/*!40000 ALTER TABLE `tblproject_processed` ENABLE KEYS */;
UNLOCK TABLES;

--
-- Table structure for table `tblproject_unprocessed`
--

DROP TABLE IF EXISTS `tblproject_unprocessed`;
/*!40101 SET @saved_cs_client     = @@character_set_client */;
/*!40101 SET character_set_client = utf8 */;
CREATE TABLE `tblproject_unprocessed` (
  `project_ID` int(10) unsigned NOT NULL AUTO_INCREMENT,
  `empNum` int(10) unsigned NOT NULL,
  `proj_ID` smallint(5) unsigned NOT NULL,
  `position_ID` smallint(5) unsigned NOT NULL,
  `div_ID` smallint(5) unsigned NOT NULL,
  `workdays` int(10) unsigned NOT NULL DEFAULT '0',
  `regOT_hrs` int(10) unsigned NOT NULL DEFAULT '0',
  `sunOT_hrs` int(10) unsigned NOT NULL DEFAULT '0',
  `holOT_hrs` int(10) unsigned NOT NULL DEFAULT '0',
  `dateCreated` date NOT NULL,
  `lastModified` timestamp NOT NULL DEFAULT CURRENT_TIMESTAMP ON UPDATE CURRENT_TIMESTAMP,
  `lastModifiedBy` int(11) unsigned NOT NULL,
  `isHead` tinyint(1) unsigned NOT NULL DEFAULT '0',
  PRIMARY KEY (`project_ID`),
  UNIQUE KEY `unique_per_employee` (`empNum`,`proj_ID`,`position_ID`,`div_ID`),
  KEY `fk_tblProject_Unprocessed_tblEmployee1` (`empNum`),
  KEY `fk_tblProject_Unprocessed_tblDivision1` (`div_ID`),
  KEY `fk_tblProject_Unprocessed_tblPosition1` (`position_ID`),
  KEY `fk_tblproject_unprocessed_tbluser1` (`lastModifiedBy`),
  KEY `fk_tblproject_unprocessed_tblproject1` (`proj_ID`),
  CONSTRAINT `fk_tblproject_unprocessed_tbldivision1` FOREIGN KEY (`div_ID`) REFERENCES `tbldivision` (`div_ID`) ON DELETE NO ACTION ON UPDATE CASCADE,
  CONSTRAINT `fk_tblproject_unprocessed_tblemployee1` FOREIGN KEY (`empNum`) REFERENCES `tblemployee` (`empNum`) ON DELETE CASCADE ON UPDATE CASCADE,
  CONSTRAINT `fk_tblproject_unprocessed_tblposition1` FOREIGN KEY (`position_ID`) REFERENCES `tblposition` (`position_ID`) ON DELETE NO ACTION ON UPDATE CASCADE,
  CONSTRAINT `fk_tblproject_unprocessed_tblproject1` FOREIGN KEY (`proj_ID`) REFERENCES `tblproject` (`proj_ID`) ON DELETE NO ACTION ON UPDATE NO ACTION,
  CONSTRAINT `fk_tblproject_unprocessed_tbluser1` FOREIGN KEY (`lastModifiedBy`) REFERENCES `tbluser` (`user_ID`) ON DELETE NO ACTION ON UPDATE CASCADE
) ENGINE=InnoDB AUTO_INCREMENT=25 DEFAULT CHARSET=latin1;
/*!40101 SET character_set_client = @saved_cs_client */;

--
-- Dumping data for table `tblproject_unprocessed`
--

LOCK TABLES `tblproject_unprocessed` WRITE;
/*!40000 ALTER TABLE `tblproject_unprocessed` DISABLE KEYS */;
INSERT INTO `tblproject_unprocessed` VALUES (3,13,3,1,1,0,0,0,0,'2012-11-28','2012-12-01 03:02:59',1,1),(4,14,3,1,1,0,0,0,0,'2012-11-28','2012-12-01 02:17:33',3,1),(5,15,3,4,1,0,0,0,0,'2012-11-28','2012-12-01 03:03:14',3,1),(6,17,5,5,1,0,0,0,0,'2012-11-28','2012-12-01 03:03:28',3,1),(7,19,6,5,1,0,0,0,0,'2012-11-28','2012-12-01 03:03:48',3,1),(8,23,2,4,1,0,0,0,0,'2012-11-28','2012-12-01 03:04:00',3,1),(9,14,3,5,1,0,0,0,0,'2012-11-28','2012-12-01 02:17:33',3,0),(10,16,1,7,1,0,0,0,0,'2012-11-28','2012-12-01 03:09:13',3,1),(11,13,1,1,1,0,0,0,0,'2012-11-29','2012-12-01 03:02:59',1,0),(16,18,2,3,1,0,0,0,0,'2012-11-30','2012-12-01 03:10:11',3,0),(17,18,4,2,1,0,0,0,0,'2012-11-30','2012-12-01 03:10:11',3,1),(18,20,2,1,1,0,0,0,0,'2012-11-30','2012-12-01 03:10:18',3,0),(19,20,2,2,1,0,0,0,0,'2012-11-30','2012-12-01 03:10:18',3,1),(20,21,5,1,1,0,0,0,0,'2012-11-30','2012-12-01 03:10:26',3,0),(21,21,6,1,1,0,0,0,0,'2012-11-30','2012-12-01 03:10:26',3,1),(22,22,1,1,1,0,0,0,0,'2012-11-30','2012-12-01 03:10:30',3,1);
/*!40000 ALTER TABLE `tblproject_unprocessed` ENABLE KEYS */;
UNLOCK TABLES;

--
-- Table structure for table `tbluser`
--

DROP TABLE IF EXISTS `tbluser`;
/*!40101 SET @saved_cs_client     = @@character_set_client */;
/*!40101 SET character_set_client = utf8 */;
CREATE TABLE `tbluser` (
  `user_ID` int(11) unsigned NOT NULL AUTO_INCREMENT,
  `userName` varchar(30) CHARACTER SET latin1 COLLATE latin1_bin NOT NULL,
  `userPassword` char(40) NOT NULL,
  `userTypeCode` smallint(5) unsigned NOT NULL DEFAULT '2',
  `active` tinyint(1) unsigned NOT NULL DEFAULT '1',
  `dateCreated` date NOT NULL,
  `lastModified` timestamp NOT NULL DEFAULT CURRENT_TIMESTAMP ON UPDATE CURRENT_TIMESTAMP,
  `lastModifiedBy` int(10) unsigned NOT NULL DEFAULT '0',
  PRIMARY KEY (`user_ID`),
  UNIQUE KEY `userName_UNIQUE` (`userName`),
  KEY `fk_tblUser_tblUserType` (`userTypeCode`),
  CONSTRAINT `fk_tblUser_tblUserType` FOREIGN KEY (`userTypeCode`) REFERENCES `tblusertype` (`userTypeCode`) ON DELETE NO ACTION ON UPDATE CASCADE
) ENGINE=InnoDB AUTO_INCREMENT=5 DEFAULT CHARSET=latin1;
/*!40101 SET character_set_client = @saved_cs_client */;

--
-- Dumping data for table `tbluser`
--

LOCK TABLES `tbluser` WRITE;
/*!40000 ALTER TABLE `tbluser` DISABLE KEYS */;
INSERT INTO `tbluser` VALUES (1,'admin','915edacf27c84de5c2c8b74b9fca5a543c75c31f',1,1,'2012-11-27','2012-11-28 04:44:18',0),(3,'firstUser','a8d8b9ba3d3d64534cbbccbf66edcd37c540cbe8',2,1,'2012-11-27','2012-11-28 23:11:25',3),(4,'secondUser','826c370cc3d5e875530e597d9ccfd89442fd1457',2,1,'2012-11-27','2012-11-28 22:25:01',1);
/*!40000 ALTER TABLE `tbluser` ENABLE KEYS */;
UNLOCK TABLES;

--
-- Table structure for table `tblusertype`
--

DROP TABLE IF EXISTS `tblusertype`;
/*!40101 SET @saved_cs_client     = @@character_set_client */;
/*!40101 SET character_set_client = utf8 */;
CREATE TABLE `tblusertype` (
  `userTypeCode` smallint(5) unsigned NOT NULL AUTO_INCREMENT,
  `name` varchar(30) NOT NULL,
  `enable` tinyint(1) unsigned NOT NULL DEFAULT '1',
  `dateCreated` date NOT NULL,
  `lastModified` timestamp NOT NULL DEFAULT CURRENT_TIMESTAMP,
  `lastModifiedBy` int(10) unsigned NOT NULL DEFAULT '0',
  PRIMARY KEY (`userTypeCode`),
  UNIQUE KEY `name_UNIQUE` (`name`)
) ENGINE=InnoDB AUTO_INCREMENT=3 DEFAULT CHARSET=latin1;
/*!40101 SET character_set_client = @saved_cs_client */;

--
-- Dumping data for table `tblusertype`
--

LOCK TABLES `tblusertype` WRITE;
/*!40000 ALTER TABLE `tblusertype` DISABLE KEYS */;
INSERT INTO `tblusertype` VALUES (1,'Administrator',1,'2012-11-27','2012-11-28 04:44:18',0),(2,'User',1,'2012-11-27','2012-11-28 04:44:18',0);
/*!40000 ALTER TABLE `tblusertype` ENABLE KEYS */;
UNLOCK TABLES;
/*!40103 SET TIME_ZONE=@OLD_TIME_ZONE */;

/*!40101 SET SQL_MODE=@OLD_SQL_MODE */;
/*!40014 SET FOREIGN_KEY_CHECKS=@OLD_FOREIGN_KEY_CHECKS */;
/*!40014 SET UNIQUE_CHECKS=@OLD_UNIQUE_CHECKS */;
/*!40101 SET CHARACTER_SET_CLIENT=@OLD_CHARACTER_SET_CLIENT */;
/*!40101 SET CHARACTER_SET_RESULTS=@OLD_CHARACTER_SET_RESULTS */;
/*!40101 SET COLLATION_CONNECTION=@OLD_COLLATION_CONNECTION */;
/*!40111 SET SQL_NOTES=@OLD_SQL_NOTES */;

-- Dump completed on 2012-11-30 23:41:59
